# ************************************************************
# Antares - SQL Client
# Version 0.7.9
# 
# https://antares-sql.app/
# https://github.com/antares-sql/antares
# 
# Host: 106.15.10.74 (MySQL Community Server - GPL 8.0.32)
# Database: p91
# Generation time: 2023-05-21T18:00:50+08:00
# ************************************************************


/*!40101 SET @OLD_CHARACTER_SET_CLIENT=@@CHARACTER_SET_CLIENT */;
/*!40101 SET @OLD_CHARACTER_SET_RESULTS=@@CHARACTER_SET_RESULTS */;
/*!40101 SET @OLD_COLLATION_CONNECTION=@@COLLATION_CONNECTION */;
SET NAMES utf8mb4;
/*!40014 SET @OLD_FOREIGN_KEY_CHECKS=@@FOREIGN_KEY_CHECKS, FOREIGN_KEY_CHECKS=0 */;
/*!40101 SET @OLD_SQL_MODE=@@SQL_MODE, SQL_MODE='NO_AUTO_VALUE_ON_ZERO' */;
/*!40111 SET @OLD_SQL_NOTES=@@SQL_NOTES, SQL_NOTES=0 */;


# Dump of table p91au
# ------------------------------------------------------------

DROP TABLE IF EXISTS `p91au`;

CREATE TABLE `p91au` (
  `id` int NOT NULL,
  `name` varchar(255) CHARACTER SET utf8mb3 COLLATE utf8mb3_general_ci NOT NULL DEFAULT '91刘先生',
  `url` varchar(255) CHARACTER SET utf8mb3 COLLATE utf8mb3_general_ci NOT NULL DEFAULT 'https://www.91porn.com/uprofile.php?UID=c2b6Tp3ejq5B7vYMEW1hcnD91jWLecZhzv3JLsprrgBYgmWKQw',
  PRIMARY KEY (`id`),
  KEY `name` (`name`,`url`)
) ENGINE=InnoDB DEFAULT CHARSET=utf8mb3;

LOCK TABLES `p91au` WRITE;
/*!40000 ALTER TABLE `p91au` DISABLE KEYS */;

INSERT INTO `p91au` (`id`, `name`, `url`) VALUES
	(823908, "91suixin", "http://www.91porn.com/uprofile.php?UID=050dKPucyH1GbIMmzkosWZLMf4M9WTNRU2vtAuZZpKVibuYoGw"),
	(823288, "91刘先生", "http://www.91porn.com/uprofile.php?UID=b2cbJwuC1tR0yAWbsa70OFYhOJUwLxISlLGED57uqlq9oDkJMA"),
	(823918, "91戴夫", "http://www.91porn.com/uprofile.php?UID=59454709LbxuHrzXW8jGL946riLxHLT8dniRkktRTZO4JpkiUg"),
	(824433, "91探花李寻欢", "http://www.91porn.com/uprofile.php?UID=97a210gpUaYVntFU84AnOV1e4whKYFXIjpUNZe4MrBAzOx4dhQ"),
	(824012, "91探花李寻欢", "http://www.91porn.com/uprofile.php?UID=dd01fgnu8xLpCHJKQDyHZyAFz56w31V6BiHLHlt576NoWFR5qw"),
	(823284, "91朴教练", "http://www.91porn.com/uprofile.php?UID=d069EajyS614LA4V3jNWkoa7izsONsjaKUld83CAvIAeP1su"),
	(823550, "AC2023", "http://www.91porn.com/uprofile.php?UID=2ab25gWY0HYydeQkuvBBQ4vUbVnzGV9LICMUY02vrgCdVNRE"),
	(823986, "AC2023", "http://www.91porn.com/uprofile.php?UID=d5e0WmEmVL7hcVQMKSUi4WkTlKvQbph4Zr63YTc5Cn2HdIE0"),
	(823404, "ASSFUCKASS", "http://www.91porn.com/uprofile.php?UID=57c1r1fBAiSZ6JEmLIrhLhpPUchRyF2Qe6oqSbb6nuDGCXfNog"),
	(824005, "d0r6", "http://www.91porn.com/uprofile.php?UID=9c77RraSxoBaapcrvLlQTzZ81nPsLeZ8Cg7eAoUYiMBcRXzO"),
	(823309, "d0r6", "http://www.91porn.com/uprofile.php?UID=adf309VEMsekrG7UAIflDG35el5te38TCP9uDj2ylG232C2d"),
	(824035, "d0r6", "http://www.91porn.com/uprofile.php?UID=fbdb6ECSbjXeA9mouLL8eSJPm6n3KF5estad9hZLNoLNqowR"),
	(823988, "jmd106461", "http://www.91porn.com/uprofile.php?UID=c815tlBXwgCGMKHgeiBjHWSt0EBQfXpPBRdAPtWWe5bNpRjgNQ"),
	(824412, "jmd106461", "http://www.91porn.com/uprofile.php?UID=ea24Krd0HMoEiQ2bbWDgrOemcIBdI5Vm5SPbkB7Dy5jqDrlfQw"),
	(823833, "Neilmei", "http://www.91porn.com/uprofile.php?UID=21c3ahxVnpYM0S3Ip0FnfFNPn7EFYAEg6gPkEfm1ybZBnhs5UQ"),
	(823457, "Neilmei", "http://www.91porn.com/uprofile.php?UID=e347GpTXXXXY1qwaOchNc0nareu8pEzj0JxIiW3raQAy2M0dyw"),
	(824326, "Oscar Zhang", "http://www.91porn.com/uprofile.php?UID=f60121JbmNcUfapGRI2Bz9e4iFUhRksfBEZPq6iv1rzZJzlj"),
	(824423, "pprlv", "http://www.91porn.com/uprofile.php?UID=6e52NLlpVmisCtL6lS40AvQdzWrhNwBQJY7SnULZUkTgwVBaQQ"),
	(823858, "pprlv", "http://www.91porn.com/uprofile.php?UID=ba86xWBfS9GEBsm46BWS1FjGj2bbsvEbmnmgjseB3ETDT9kHLA"),
	(823936, "pprlv", "http://www.91porn.com/uprofile.php?UID=fe09jbiTRqQR2aXRdshAzZzywR4kPuhd0iu6QFfGaTfWYonVtA"),
	(824437, "Sextoy", "http://www.91porn.com/uprofile.php?UID=fc79SIoVJO7IDnf89VRjxXP1V97pWBxuLymn4MyjkiTD2aNQMQ"),
	(823906, "UUS1980", "http://www.91porn.com/uprofile.php?UID=e51ejMBtNnkiAizemilHjIqvwuS4CxCJdwrvp2vY9lqvAut6aw"),
	(823920, "wx_aibubian69", "http://www.91porn.com/uprofile.php?UID=aa5b4PA84ilRnRMMrDq6oINAdsmye57yO6XWxUgs80mrnTHI"),
	(823542, "三花淡奶", "http://www.91porn.com/uprofile.php?UID=0ea8YV8mLcj7TTJKjkzppZHsxQ1KxTxvd56qpuWKOPf30vVewA"),
	(824471, "仟咯", "http://www.91porn.com/uprofile.php?UID=65f8zTokVdxgy276yF6IpiliCqmmtIFx7f8AgSHgRO9XGKZh"),
	(824438, "动感五月天", "http://www.91porn.com/uprofile.php?UID=4ed7LHNTNCW10enX0oyE8B5A2M7OJZ6Z6dcKhvjUo8EoUnp5"),
	(824031, "动感五月天", "http://www.91porn.com/uprofile.php?UID=8c6fQdniSr04NorZkK7LIekeQqURRVvMKEkzUQkh3OIXsKne"),
	(824455, "奶白睡不饱", "http://www.91porn.com/uprofile.php?UID=1880nx86hjPWPF44sAB2bMIV9OCR2K1kaIHkODucl6rU4FO1MQ"),
	(823861, "快枪手先生", "http://www.91porn.com/uprofile.php?UID=36328k15PREme2fwCDf73D5pXuk3wqKM0MfMNSEZOhT9jTjL"),
	(823545, "快枪手先生", "http://www.91porn.com/uprofile.php?UID=44b23qYBlhTK8gWZRZMVwyZjmrnM812oDo6odirNwtjwHUpv"),
	(823992, "我叫山雞雞巴的雞", "http://www.91porn.com/uprofile.php?UID=474eUbW2cAOQ9ZHV4mkifIDuvKVHUToxE1FsHzMKSTYrbRjOmw"),
	(823995, "拆二代Cc", "http://www.91porn.com/uprofile.php?UID=0a4ehR4md7Vww3BWASI7oD9b0VPrAYcg5qJk1vIVfgypYSTwdw"),
	(824427, "拆二代Cc", "http://www.91porn.com/uprofile.php?UID=59a1PvZLrAZoiBf86l23oK1cVfwQbpA28NFc9caP4BV9OjqbVw"),
	(824434, "春江花月夜吧", "http://www.91porn.com/uprofile.php?UID=6a8fKCrdnHFYAky4OiXg6zpFi2Ln0dYjiTck74F3FG89EU5xZA"),
	(824046, "春江花月夜吧", "http://www.91porn.com/uprofile.php?UID=f7eeqpLga7zy9IYP1LDvdO9pEyc1R7QztNiIgy2KXXInXHyG7g"),
	(823312, "昭昭1818", "http://www.91porn.com/uprofile.php?UID=cd6dtZGn7zoWW8iBvHOgLPvsqMpOePALaj5dZzmuhSCnEvwwjw"),
	(824009, "水果糖先生", "http://www.91porn.com/uprofile.php?UID=083fMXEPLiYG2iZUXlQeLPZACc46zvmxdJuwYTYuy02NRQlhpQ"),
	(824445, "水果糖先生", "http://www.91porn.com/uprofile.php?UID=2230MlDDVYWFVRBqHrfDhGe0AK9xMi0u4aX43c2hhMvROrWusQ"),
	(823526, "水果糖先生", "http://www.91porn.com/uprofile.php?UID=2e5fUFJN1pHrz7YgAsbBI2gNFlWYWEdoy1hOh7XNWNjOv14xeQ"),
	(824024, "水果糖先生", "http://www.91porn.com/uprofile.php?UID=4fc293O7Ipx6GZa526st3oZ9PBcBcj1KBGiqpS1DjxfguFTVnw"),
	(824014, "水果糖先生", "http://www.91porn.com/uprofile.php?UID=cdc6wJqZgydfwOeQWvBtoNxt9iC3aXznnObYdQCxuc7xln336w"),
	(823532, "水果糖先生", "http://www.91porn.com/uprofile.php?UID=e9ffIyqn24Wzooz1YJXWdY1fziE2g7UIgePX78UsuxDv7hSzaQ"),
	(823917, "狮子座Walker", "http://www.91porn.com/uprofile.php?UID=c34d0KB9lkcJvwnKNa5FkqoNs4ZPUpCdqLNtg5qjHfqOCc5C"),
	(824443, "黑椒盖饭", "http://www.91porn.com/uprofile.php?UID=6d296sPAg5r7MJEa8L246nPdEjcfzFMHah5NikwzhFKvDoJ6vw");

/*!40000 ALTER TABLE `p91au` ENABLE KEYS */;
UNLOCK TABLES;



# Dump of table p91authors
# ------------------------------------------------------------

DROP TABLE IF EXISTS `p91authors`;

CREATE TABLE `p91authors` (
  `name` varchar(255) CHARACTER SET utf8mb3 COLLATE utf8mb3_general_ci NOT NULL DEFAULT '91刘先生',
  `url` varchar(255) CHARACTER SET utf8mb3 COLLATE utf8mb3_general_ci NOT NULL DEFAULT 'https://www.91porn.com/uprofile.php?UID=c2b6Tp3ejq5B7vYMEW1hcnD91jWLecZhzv3JLsprrgBYgmWKQw',
  `video_count` tinyint NOT NULL DEFAULT '21',
  `video_list_url` varchar(255) CHARACTER SET utf8mb4 COLLATE utf8mb4_0900_ai_ci NOT NULL DEFAULT 'https://www.91porn.com/uvideos.php?UID=c2b6Tp3ejq5B7vYMEW1hcnD91jWLecZhzv3JLsprrgBYgmWKQw&type=public',
  PRIMARY KEY (`name`),
  KEY `name` (`name`,`url`)
) ENGINE=InnoDB DEFAULT CHARSET=utf8mb3;

LOCK TABLES `p91authors` WRITE;
/*!40000 ALTER TABLE `p91authors` DISABLE KEYS */;

INSERT INTO `p91authors` (`name`, `url`, `video_count`, `video_list_url`) VALUES
	("3250322527", "http://www.91porn.com/uprofile.php?UID=27f6L463pkZzYoEn4YaNb04EQxW9SEznW9ekLL3JrzKsoYRekA", 66, "http://www.91porn.com/uvideos.php?UID=27f6L463pkZzYoEn4YaNb04EQxW9SEznW9ekLL3JrzKsoYRekA&type=public"),
	("365509250", "http://www.91porn.com/uprofile.php?UID=b32dncR11VfybftUQQMNmp9DP79I5vuegsh33k6tD8pQuCsriw", 1, "http://www.91porn.com/uvideos.php?UID=b32dncR11VfybftUQQMNmp9DP79I5vuegsh33k6tD8pQuCsriw&type=public"),
	("603709719", "http://www.91porn.com/uprofile.php?UID=e595AWPcsXe46voB7tbdv9aSPws1OLfCoM6gjEGOypiFU9Jt", 4, "http://www.91porn.com/uvideos.php?UID=e595AWPcsXe46voB7tbdv9aSPws1OLfCoM6gjEGOypiFU9Jt&type=public"),
	("91suixin", "http://www.91porn.com/uprofile.php?UID=c224Ljus8WcTIc6JV2dCZoaQygkwwrpWPQpzBd6Q4PBkktg00A", 3, "http://www.91porn.com/uvideos.php?UID=c224Ljus8WcTIc6JV2dCZoaQygkwwrpWPQpzBd6Q4PBkktg00A&type=public"),
	("91刘先生", "https://www.91porn.com/uprofile.php?UID=c2b6Tp3ejq5B7vYMEW1hcnD91jWLecZhzv3JLsprrgBYgmWKQw", 21, "https://www.91porn.com/uvideos.php?UID=c2b6Tp3ejq5B7vYMEW1hcnD91jWLecZhzv3JLsprrgBYgmWKQw&type=public"),
	("91小帅BBB", "http://www.91porn.com/uprofile.php?UID=4786SVVFwRKaIr6bwr4wW3VaW2Ax6VxFnyrnpGswbN03YRxq", 35, "http://www.91porn.com/uvideos.php?UID=4786SVVFwRKaIr6bwr4wW3VaW2Ax6VxFnyrnpGswbN03YRxq&type=public"),
	("91小腰精", "http://www.91porn.com/uprofile.php?UID=33d42pCDqFqMzKckpKjOcU5JSz2CHiYzmqMgi2vaM7RMEBdtKw", 20, "http://www.91porn.com/uvideos.php?UID=33d42pCDqFqMzKckpKjOcU5JSz2CHiYzmqMgi2vaM7RMEBdtKw&type=public"),
	("91探花李寻欢", "http://www.91porn.com/uprofile.php?UID=5c640pvo5nnauIjviYsgy2oMIaA3jiuATz9IAP1ZZVM1NWtoDg", 9, "http://www.91porn.com/uvideos.php?UID=5c640pvo5nnauIjviYsgy2oMIaA3jiuATz9IAP1ZZVM1NWtoDg&type=public"),
	("91朴教练", "http://www.91porn.com/uprofile.php?UID=9773mVbetJDwg1nfXdukJZ9ssq1eDXuSktNPKMfqEZkbwVSw", 32, "http://www.91porn.com/uvideos.php?UID=9773mVbetJDwg1nfXdukJZ9ssq1eDXuSktNPKMfqEZkbwVSw&type=public"),
	("91欧巴桑", "http://www.91porn.com/uprofile.php?UID=b775FEeLFmeKkF0zQrYoeymacuXKRIE7snZX4WxMAqggvDWECA", 35, "http://www.91porn.com/uvideos.php?UID=b775FEeLFmeKkF0zQrYoeymacuXKRIE7snZX4WxMAqggvDWECA&type=public"),
	("91深情哥", "http://www.91porn.com/uprofile.php?UID=3729EUaSew4wDcLpOCaOQKaakq2CYfllMgTORMkNI3gyzjWgXQ", 33, "http://www.91porn.com/uvideos.php?UID=3729EUaSew4wDcLpOCaOQKaakq2CYfllMgTORMkNI3gyzjWgXQ&type=public"),
	("91看官吉祥", "http://www.91porn.com/uprofile.php?UID=5668jjLbLtN5n6vOVvVS6elUOvDSzspP46KwkJqdYPal12lBZg", 1, "http://www.91porn.com/uvideos.php?UID=5668jjLbLtN5n6vOVvVS6elUOvDSzspP46KwkJqdYPal12lBZg&type=public"),
	("a958149338", "http://www.91porn.com/uprofile.php?UID=3549mTrtXg8MM9gSzx6qgrDY3H4H6Uu5OZpFjUkRqtCSgJpF", 12, "http://www.91porn.com/uvideos.php?UID=3549mTrtXg8MM9gSzx6qgrDY3H4H6Uu5OZpFjUkRqtCSgJpF&type=public"),
	("AC2023", "http://www.91porn.com/uprofile.php?UID=77f3nQExqoAR2JEhWxBbm960TnKxn7DX2WbvgsvlXVzazvje", 40, "http://www.91porn.com/uvideos.php?UID=77f3nQExqoAR2JEhWxBbm960TnKxn7DX2WbvgsvlXVzazvje&type=public"),
	("ASSFUCKASS", "http://www.91porn.com/uprofile.php?UID=d9fdYUKcOWAFzzIqAP1rfz8kdMIBDJW5mtqRkK36CJEl6PRnyA", 36, "http://www.91porn.com/uvideos.php?UID=d9fdYUKcOWAFzzIqAP1rfz8kdMIBDJW5mtqRkK36CJEl6PRnyA&type=public"),
	("balar", "http://www.91porn.com/uprofile.php?UID=e6a8RAKHuN614HV1mvMKrBN0Ag6A8T1WXgQNLqBrVTsinEz9QQ", 15, "http://www.91porn.com/uvideos.php?UID=e6a8RAKHuN614HV1mvMKrBN0Ag6A8T1WXgQNLqBrVTsinEz9QQ&type=public"),
	("d0r6", "http://www.91porn.com/uprofile.php?UID=0b64DgJASin3bzmYwXKGADRM7jzgiSe9Yp70DO2nhaUHnDcV", 45, "http://www.91porn.com/uvideos.php?UID=0b64DgJASin3bzmYwXKGADRM7jzgiSe9Yp70DO2nhaUHnDcV&type=public"),
	("Don77", "http://www.91porn.com/uprofile.php?UID=a0a64h6ZexF7RTMuyxgWY16syzF5AAtzbbGQyLEkJI9cohEJ", 32, "http://www.91porn.com/uvideos.php?UID=a0a64h6ZexF7RTMuyxgWY16syzF5AAtzbbGQyLEkJI9cohEJ&type=public"),
	("dqlzlc", "http://www.91porn.com/uprofile.php?UID=a744fGeeiRu6PXX704c2ycisRiisa0VPdKK0NDGhY5HWFyd9Pw", 3, "http://www.91porn.com/uvideos.php?UID=a744fGeeiRu6PXX704c2ycisRiisa0VPdKK0NDGhY5HWFyd9Pw&type=public"),
	("hopoe710", "http://www.91porn.com/uprofile.php?UID=90ac4WaU9uWBsj8jpkVMkc2l8oDgob2UbnrBflOJ9xCgfXkDqg", 54, "http://www.91porn.com/uvideos.php?UID=90ac4WaU9uWBsj8jpkVMkc2l8oDgob2UbnrBflOJ9xCgfXkDqg&type=public"),
	("huaduzhuangyuan", "http://www.91porn.com/uprofile.php?UID=da2edohV6xVQc2ZirrtkkhxnSJ31NcaOdKzyuDPN6tNxAADh2g", 4, "http://www.91porn.com/uvideos.php?UID=da2edohV6xVQc2ZirrtkkhxnSJ31NcaOdKzyuDPN6tNxAADh2g&type=public"),
	("jmd106461", "http://www.91porn.com/uprofile.php?UID=f887SW2JKTuBO1lQgaWpXYYZ8jnCyzCF5IeuJu4Sds2h3OBSsQ", 9, "http://www.91porn.com/uvideos.php?UID=f887SW2JKTuBO1lQgaWpXYYZ8jnCyzCF5IeuJu4Sds2h3OBSsQ&type=public"),
	("July1206", "http://www.91porn.com/uprofile.php?UID=449ffrpaZC9hsTlwb46Jmkang7v6mN1WK0YapftM4dDS1nHRgg", 18, "http://www.91porn.com/uvideos.php?UID=449ffrpaZC9hsTlwb46Jmkang7v6mN1WK0YapftM4dDS1nHRgg&type=public"),
	("kasum1", "http://www.91porn.com/uprofile.php?UID=f5cc73prAPFHwUdxuZqm8T8H5CXOI0sGeHXsx7C5GKtytvZlFA", 17, "http://www.91porn.com/uvideos.php?UID=f5cc73prAPFHwUdxuZqm8T8H5CXOI0sGeHXsx7C5GKtytvZlFA&type=public"),
	("lifeiscool__", "http://www.91porn.com/uprofile.php?UID=0cb5FFyHGnhCncEWCeGvq3aJ3tj2VMmKFjJpbIpRvZfWgUDmHw", 1, "http://www.91porn.com/uvideos.php?UID=0cb5FFyHGnhCncEWCeGvq3aJ3tj2VMmKFjJpbIpRvZfWgUDmHw&type=public"),
	("lolalol", "http://www.91porn.com/uprofile.php?UID=2a71sePpZLSvv6J8zQ7ymxTzjOtxGJrmcN881AsJRoQyUXrc", 4, "http://www.91porn.com/uvideos.php?UID=2a71sePpZLSvv6J8zQ7ymxTzjOtxGJrmcN881AsJRoQyUXrc&type=public"),
	("LovELolita", "http://www.91porn.com/uprofile.php?UID=3d55McTxEVpKpYKFK4SjV5RyZ8J0Aw2Vkej7PaFcAmzt9Pn6", 36, "http://www.91porn.com/uvideos.php?UID=3d55McTxEVpKpYKFK4SjV5RyZ8J0Aw2Vkej7PaFcAmzt9Pn6&type=public"),
	("minilong11", "http://www.91porn.com/uprofile.php?UID=7d611tQYqfs8q7qs3HD6QNjcyzNqVltJpqKSKu7xoU21MGNp", 4, "http://www.91porn.com/uvideos.php?UID=7d611tQYqfs8q7qs3HD6QNjcyzNqVltJpqKSKu7xoU21MGNp&type=public"),
	("momhunter", "http://www.91porn.com/uprofile.php?UID=1910MAnLLW9rchvROfNw3RtbMtpWBTphZrCY1Rhhg20bcig", 78, "http://www.91porn.com/uvideos.php?UID=1910MAnLLW9rchvROfNw3RtbMtpWBTphZrCY1Rhhg20bcig&type=public"),
	("Oscar Zhang", "http://www.91porn.com/uprofile.php?UID=634apbp9XlFCEYRHxKds3GYB3rKomjbWLqFkB429i3Vqm64O", 41, "http://www.91porn.com/uvideos.php?UID=634apbp9XlFCEYRHxKds3GYB3rKomjbWLqFkB429i3Vqm64O&type=public"),
	("pprlv", "http://www.91porn.com/uprofile.php?UID=6752AWIuftWaC6vs7tSbqOc5TuDv5aVVRJjYJOUaDhAk0UuLtg", 17, "http://www.91porn.com/uvideos.php?UID=6752AWIuftWaC6vs7tSbqOc5TuDv5aVVRJjYJOUaDhAk0UuLtg&type=public"),
	("rexuefeitou", "http://www.91porn.com/uprofile.php?UID=5b35ca9FOcThFc0SjJySaR36cATlgG6wFHHmnPwKCQHb33TRjw", 2, "http://www.91porn.com/uvideos.php?UID=5b35ca9FOcThFc0SjJySaR36cATlgG6wFHHmnPwKCQHb33TRjw&type=public"),
	("RuiABL", "http://www.91porn.com/uprofile.php?UID=218707LrwEN3dhR4FVVCcDaxhW407hlnZwhj7AbdSYehx1VVgg", 4, "http://www.91porn.com/uvideos.php?UID=218707LrwEN3dhR4FVVCcDaxhW407hlnZwhj7AbdSYehx1VVgg&type=public"),
	("Sextoy", "http://www.91porn.com/uprofile.php?UID=c54cy1HAkpYicJCUC0rSqnknSCce1IJ0FwMGBD4l9FKJGVfaPw", 8, "http://www.91porn.com/uvideos.php?UID=c54cy1HAkpYicJCUC0rSqnknSCce1IJ0FwMGBD4l9FKJGVfaPw&type=public"),
	("squirtyu", "http://www.91porn.com/uprofile.php?UID=b612q8I6Y5hp2q4Mnf9oUBboW510cz97jrEX5RBAuYge2d6z6A", 21, "http://www.91porn.com/uvideos.php?UID=b612q8I6Y5hp2q4Mnf9oUBboW510cz97jrEX5RBAuYge2d6z6A&type=public"),
	("ssmnbvcz", "http://www.91porn.com/uprofile.php?UID=512bJROertsmjloSGqCyFXxjMpLXuyVfNlabyXRfQDyB6pdtTg", 1, "http://www.91porn.com/uvideos.php?UID=512bJROertsmjloSGqCyFXxjMpLXuyVfNlabyXRfQDyB6pdtTg&type=public"),
	("Timepasserby", "http://www.91porn.com/uprofile.php?UID=b13afeFn9yok4oyzbyQDNhvPHGqY9jMv3SGSJufCSdj2nUsTDw", 17, "http://www.91porn.com/uvideos.php?UID=b13afeFn9yok4oyzbyQDNhvPHGqY9jMv3SGSJufCSdj2nUsTDw&type=public"),
	("two22", "http://www.91porn.com/uprofile.php?UID=5714FSVOtqB8y7Gm64zZWqxLMgWsBL9XcaoqXFBtu9osFXuITw", 23, "http://www.91porn.com/uvideos.php?UID=5714FSVOtqB8y7Gm64zZWqxLMgWsBL9XcaoqXFBtu9osFXuITw&type=public"),
	("UUS1980", "http://www.91porn.com/uprofile.php?UID=a9ccAOXucPbDZ92P8RGkVUOM8seE59wSITkDOKrZuisg6xDOYg", 12, "http://www.91porn.com/uvideos.php?UID=a9ccAOXucPbDZ92P8RGkVUOM8seE59wSITkDOKrZuisg6xDOYg&type=public"),
	("x1001", "http://www.91porn.com/uprofile.php?UID=563avOQLX7f4VI7XRknNYVGbko5osrrF2rQwTWQcIbKYibCT", 34, "http://www.91porn.com/uvideos.php?UID=563avOQLX7f4VI7XRknNYVGbko5osrrF2rQwTWQcIbKYibCT&type=public"),
	("三花淡奶", "http://www.91porn.com/uprofile.php?UID=0abcmGBNGhhf598aKaUG0cR1rLte7RvxnFGRDFbG5iSShPKzTg", 14, "http://www.91porn.com/uvideos.php?UID=0abcmGBNGhhf598aKaUG0cR1rLte7RvxnFGRDFbG5iSShPKzTg&type=public"),
	("下面有跟棒棒糖", "http://www.91porn.com/uprofile.php?UID=08d6ayUlkqDpYBCaO74WUkeMqzQFNoiFFHGd5NUy5041fmQD", 26, "http://www.91porn.com/uvideos.php?UID=08d6ayUlkqDpYBCaO74WUkeMqzQFNoiFFHGd5NUy5041fmQD&type=public"),
	("动感五月天", "http://www.91porn.com/uprofile.php?UID=d1fbV3oBIg1lZcRBdEXDxEz0GNetNRTp93QxtEYG1yZv3wB4", 11, "http://www.91porn.com/uvideos.php?UID=d1fbV3oBIg1lZcRBdEXDxEz0GNetNRTp93QxtEYG1yZv3wB4&type=public"),
	("喜欢知识的人", "http://www.91porn.com/uprofile.php?UID=6333YnqtsatNQHhyLQMiixkevUTk9bBMqrK7EtvKftfNTKnR0Q", 1, "http://www.91porn.com/uvideos.php?UID=6333YnqtsatNQHhyLQMiixkevUTk9bBMqrK7EtvKftfNTKnR0Q&type=public"),
	("大吊哇", "http://www.91porn.com/uprofile.php?UID=6040gfmQ9SCJXTUyuoiakrvUJqR8znzrQvxHAIhL3wLHsShW", 6, "http://www.91porn.com/uvideos.php?UID=6040gfmQ9SCJXTUyuoiakrvUJqR8znzrQvxHAIhL3wLHsShW&type=public"),
	("奶白睡不饱", "http://www.91porn.com/uprofile.php?UID=7d78qYuUaywXN4MFm0HdqDVlWjRHAQ5LSsva0WCrhinxeRF6JA", 46, "http://www.91porn.com/uvideos.php?UID=7d78qYuUaywXN4MFm0HdqDVlWjRHAQ5LSsva0WCrhinxeRF6JA&type=public"),
	("好兄弟来啦", "http://www.91porn.com/uprofile.php?UID=1fd3GGQ0zgnYYowJ3EmdDGum6MTuCoAn4ai7KHIeEhETLYswbg", 12, "http://www.91porn.com/uvideos.php?UID=1fd3GGQ0zgnYYowJ3EmdDGum6MTuCoAn4ai7KHIeEhETLYswbg&type=public"),
	("快枪手先生", "http://www.91porn.com/uprofile.php?UID=2c38Bv0ufdWP3h0PeuVdP3yn6deyR2wfQTbYvzBv5J0eihDi", 17, "http://www.91porn.com/uvideos.php?UID=2c38Bv0ufdWP3h0PeuVdP3yn6deyR2wfQTbYvzBv5J0eihDi&type=public"),
	("我叫山雞雞巴的雞", "http://www.91porn.com/uprofile.php?UID=d95ehoG0boEXSDufdyH4BftkbTEgMatPinwSuzOLMI5qfK0eiw", 36, "http://www.91porn.com/uvideos.php?UID=d95ehoG0boEXSDufdyH4BftkbTEgMatPinwSuzOLMI5qfK0eiw&type=public"),
	("我爱吃果肉果冻", "http://www.91porn.com/uprofile.php?UID=86e4UsTZTWwD8LY9ODPocUbQsPJaNNW0roDqJKLSuuq6sRFxHw", 12, "http://www.91porn.com/uvideos.php?UID=86e4UsTZTWwD8LY9ODPocUbQsPJaNNW0roDqJKLSuuq6sRFxHw&type=public"),
	("拆二代Cc", "http://www.91porn.com/uprofile.php?UID=c116pasqrILnWvWcuB8R7e7SkZ27lg7uDNSDatsR0xJ7T6ro0g", 28, "http://www.91porn.com/uvideos.php?UID=c116pasqrILnWvWcuB8R7e7SkZ27lg7uDNSDatsR0xJ7T6ro0g&type=public"),
	("新加坡大鸟哥", "http://www.91porn.com/uprofile.php?UID=def3jE1wIrcBoog0xIvjsYJGsNNX97tJU3c5Hc9qi6cfzRIDYg", 10, "http://www.91porn.com/uvideos.php?UID=def3jE1wIrcBoog0xIvjsYJGsNNX97tJU3c5Hc9qi6cfzRIDYg&type=public"),
	("无敌泡泡拳老刘", "http://www.91porn.com/uprofile.php?UID=fd4e5ONrX0LNdcbSD21iRudTRWaqJDzzwKVvIb6QN5hZdg65wA", 16, "http://www.91porn.com/uvideos.php?UID=fd4e5ONrX0LNdcbSD21iRudTRWaqJDzzwKVvIb6QN5hZdg65wA&type=public"),
	("春江花月夜吧", "http://www.91porn.com/uprofile.php?UID=81ad11c4UKy2JtJikBukK1NwVobkagtxYjrUzDf9W9XNuHNVYQ", 21, "http://www.91porn.com/uvideos.php?UID=81ad11c4UKy2JtJikBukK1NwVobkagtxYjrUzDf9W9XNuHNVYQ&type=public"),
	("是性奴小雨喔", "http://www.91porn.com/uprofile.php?UID=927ecZ7bZfmFtFWCFlnuNH1duv7anWuHd1I5CJ79cPKnYZZfFQ", 9, "http://www.91porn.com/uvideos.php?UID=927ecZ7bZfmFtFWCFlnuNH1duv7anWuHd1I5CJ79cPKnYZZfFQ&type=public"),
	("朋先生", "http://www.91porn.com/uprofile.php?UID=47abq6Nz3VEXDs231PFunmBHBA4pzLiYHTqPvZU1b3gsDmzXoA", 5, "http://www.91porn.com/uvideos.php?UID=47abq6Nz3VEXDs231PFunmBHBA4pzLiYHTqPvZU1b3gsDmzXoA&type=public"),
	("桃子好吃", "http://www.91porn.com/uprofile.php?UID=6662fqCnsp1kHxSF5yQOhfpypv4Yw02G2P1RdYMwRuns0IZAhQ", 5, "http://www.91porn.com/uvideos.php?UID=6662fqCnsp1kHxSF5yQOhfpypv4Yw02G2P1RdYMwRuns0IZAhQ&type=public"),
	("棒棒糖先生", "http://www.91porn.com/uprofile.php?UID=4218XTHqmd2gy2WZd0yJsPjEO7AT6MhGmBKkwYisDXDg2GEmIA", 10, "http://www.91porn.com/uvideos.php?UID=4218XTHqmd2gy2WZd0yJsPjEO7AT6MhGmBKkwYisDXDg2GEmIA&type=public"),
	("水果糖先生", "http://www.91porn.com/uprofile.php?UID=5cd8thJYayNNMeNaWlyxhffIjQyb7m6vEWsCGjamsO1zo8DpMg", 104, "http://www.91porn.com/uvideos.php?UID=5cd8thJYayNNMeNaWlyxhffIjQyb7m6vEWsCGjamsO1zo8DpMg&type=public"),
	("狮子座Walker", "http://www.91porn.com/uprofile.php?UID=c287ho3GKO8T6PkauTAyq9DwSGnplbyZfAEDuIXE7eplPInM", 20, "http://www.91porn.com/uvideos.php?UID=c287ho3GKO8T6PkauTAyq9DwSGnplbyZfAEDuIXE7eplPInM&type=public"),
	("皮蛋哥", "http://www.91porn.com/uprofile.php?UID=87ffdLXfsSnJGBRqJ3359McbPVoKERv26TfHF4Vp90lky8XJ", 1, "http://www.91porn.com/uvideos.php?UID=87ffdLXfsSnJGBRqJ3359McbPVoKERv26TfHF4Vp90lky8XJ&type=public"),
	("私欲", "http://www.91porn.com/uprofile.php?UID=738ah9ieEFMN5Id7uEYoBkbM8Ip9LPLiwaXytpkW11Lqdw9Fcw", 3, "http://www.91porn.com/uvideos.php?UID=738ah9ieEFMN5Id7uEYoBkbM8Ip9LPLiwaXytpkW11Lqdw9Fcw&type=public"),
	("赤鳞狂舞", "http://www.91porn.com/uprofile.php?UID=b041iBqlyvSObr52g5mcWeMfqFltCg5yR5MDcxDmYc9EIbDx", 8, "http://www.91porn.com/uvideos.php?UID=b041iBqlyvSObr52g5mcWeMfqFltCg5yR5MDcxDmYc9EIbDx&type=public"),
	("锅锅酱", "http://www.91porn.com/uprofile.php?UID=3ac0qQSgpPsO1WFnxqMTn2jNyFWHZJYFtVJjXteMSGRO05mQzA", 13, "http://www.91porn.com/uvideos.php?UID=3ac0qQSgpPsO1WFnxqMTn2jNyFWHZJYFtVJjXteMSGRO05mQzA&type=public"),
	("陈昊", "http://www.91porn.com/uprofile.php?UID=19eeA7Af1FfZ5PKv4nHAz2BltO1bmkgbOuNkZ6KVTUVfgE0I", 8, "http://www.91porn.com/uvideos.php?UID=19eeA7Af1FfZ5PKv4nHAz2BltO1bmkgbOuNkZ6KVTUVfgE0I&type=public"),
	("颗颗吸泥", "http://www.91porn.com/uprofile.php?UID=1ec7UdNmH8cFrOxksnOK0HAyFYHhgNaue6L9mB55p8yPq6ztjA", 2, "http://www.91porn.com/uvideos.php?UID=1ec7UdNmH8cFrOxksnOK0HAyFYHhgNaue6L9mB55p8yPq6ztjA&type=public"),
	("黑椒盖饭", "http://www.91porn.com/uprofile.php?UID=8f3965xb0eKAHpyVhZeZoXITIZuM37kVHBMOOlyMK79fWnGbrQ", 16, "http://www.91porn.com/uvideos.php?UID=8f3965xb0eKAHpyVhZeZoXITIZuM37kVHBMOOlyMK79fWnGbrQ&type=public");

/*!40000 ALTER TABLE `p91authors` ENABLE KEYS */;
UNLOCK TABLES;



# Dump of table p91vi
# ------------------------------------------------------------

DROP TABLE IF EXISTS `p91vi`;

CREATE TABLE `p91vi` (
  `id` int unsigned NOT NULL,
  `m3u8_url` varchar(255) CHARACTER SET utf8mb4 COLLATE utf8mb4_0900_ai_ci NOT NULL,
  `detail_url` varchar(255) CHARACTER SET utf8mb4 COLLATE utf8mb4_0900_ai_ci NOT NULL,
  `thumbnail` varchar(255) CHARACTER SET utf8mb4 COLLATE utf8mb4_0900_ai_ci DEFAULT '',
  `duration` varchar(255) CHARACTER SET utf8mb4 COLLATE utf8mb4_0900_ai_ci DEFAULT '0',
  `title` varchar(255) CHARACTER SET utf8mb4 COLLATE utf8mb4_0900_ai_ci NOT NULL,
  `popularites` int DEFAULT '0',
  `favorites` int DEFAULT '0',
  `comments` int DEFAULT '0',
  `likes` int DEFAULT '0',
  `dislikes` int DEFAULT '0',
  `add_time` timestamp NULL DEFAULT CURRENT_TIMESTAMP,
  `author` varchar(255) CHARACTER SET utf8mb4 COLLATE utf8mb4_0900_ai_ci NOT NULL DEFAULT 'p91',
  `author_id` varchar(255) CHARACTER SET utf8mb4 COLLATE utf8mb4_0900_ai_ci NOT NULL,
  PRIMARY KEY (`id`),
  KEY `likes` (`likes`),
  KEY `favorites` (`favorites`)
) ENGINE=InnoDB DEFAULT CHARSET=utf8mb4 COLLATE=utf8mb4_0900_ai_ci;

LOCK TABLES `p91vi` WRITE;
/*!40000 ALTER TABLE `p91vi` DISABLE KEYS */;

INSERT INTO `p91vi` (`id`, `m3u8_url`, `detail_url`, `thumbnail`, `duration`, `title`, `popularites`, `favorites`, `comments`, `likes`, `dislikes`, `author`, `author_id`) VALUES
	(823246, "https://cdn77.91p49.com/m3u8/823246/823246.m3u8", "http://www.91porn.com/view_video.php?viewkey=3c05aa3a86659c806e75&c=t&viewtype=&category=", "https://img.91p51.com/thumb/823246.jpg", "00:29:59", "jk whore girl &#39;s skirt was fucked hard before she had time to take off her skirt 【Introduction to the full version uploaded in 41 minutes】", 75847, 1464, 12, 37, 3, "91刘先生", ""),
	(823284, "https://cdn77.91p49.com/m3u8/823284/823284.m3u8", "http://www.91porn.com/view_video.php?viewkey=9a7d392822068c65f6f8&page=5&viewtype=basic&category=ori", "https://img.91p51.com/thumb/823284.jpg", "00:01:29", "【Cuckold Wife】A married woman with big breasts is dissatisfied with her desire, I hope Coach Park will fuck pussy herself", 12070, 95, 1, 11, 0, "91朴教练", ""),
	(823288, "https://cdn77.91p49.com/m3u8/823288/823288.m3u8", "http://www.91porn.com/view_video.php?viewkey=e4ceda2e93fe37cfe29a&page=5&viewtype=basic&category=ori", "https://img.91p51.com/thumb/823288.jpg", "00:01:00", "non-condom girl after 00", 3451, 15, 0, 1, 0, "91刘先生", ""),
	(823309, "https://la3.killcovid2021.com/m3u8/823309/823309.m3u8", "http://www.91porn.com/view_video.php?viewkey=5a5b75ca1102c8d72c52&page=5&viewtype=basic&category=ori", "https://img.91p51.com/thumb/823309.jpg", "00:00:33", "Trying to inhale the smell of slut through the white silk, but still can&#39;t help tearing off the piling on the girl", 7630, 43, 4, 2, 1, "d0r6", ""),
	(823312, "https://cdn77.91p49.com/m3u8/823312/823312.m3u8", "http://www.91porn.com/view_video.php?viewkey=719236386&page=5&viewtype=basic&category=ori", "https://img.91p51.com/thumb/823312.jpg", "00:09:47", "Help is about to be fucked to death by the master&#39;s big cock", 13037, 224, 5, 12, 0, "昭昭1818", ""),
	(823317, "https://cdn77.91p49.com/m3u8/823317/823317.m3u8", "http://www.91porn.com/view_video.php?viewkey=3490ae8bbb999c8c71f1&c=t&viewtype=&category=", "https://img.91p51.com/thumb/823317.jpg", "00:10:21", "Dragon Rush up to 10 minutes", 54891, 720, 13, 23, 2, "two22", ""),
	(823358, "https://cdn77.91p49.com/m3u8/823358/823358.m3u8", "http://www.91porn.com/view_video.php?viewkey=41d140534ddd38a5c492&c=t&viewtype=&category=", "https://img.91p51.com/thumb/823358.jpg", "00:06:51", "If I can hold out for 3 minutes without ejeculate, I lose", 79055, 970, 12, 42, 5, "dqlzlc", ""),
	(823387, "https://cdn77.91p49.com/m3u8/823387/823387.m3u8", "http://www.91porn.com/view_video.php?viewkey=da6db1adbbbb4a43946a&c=t&viewtype=&category=", "https://img.91p51.com/thumb/823387.jpg", "00:15:11", "Sexy married woman with violent fuck creampie in men&#39;s restroom of the mall, wonderful dialogue, really exciting! (micro show face)", 41657, 544, 11, 24, 5, "赤鳞狂舞", ""),
	(823404, "https://la3.killcovid2021.com/m3u8/823404/823404.m3u8", "http://www.91porn.com/view_video.php?viewkey=8d96851304137b749ad4&page=5&viewtype=basic&category=ori", "https://img.91p51.com/thumb/823404.jpg", "00:06:38", "The perfect waist buttocks than the peach buttocks and long legs return to the whole network, the only one in the whole network with a white skin, big breasts, big waist and thin waist", 15920, 290, 4, 20, 0, "ASSFUCKASS", ""),
	(823428, "https://la3.killcovid2021.com/m3u8/823428/823428.m3u8", "http://www.91porn.com/view_video.php?viewkey=b6177b6d3c4d545f543a&c=t&viewtype=&category=", "https://img.91p51.com/thumb/823428.jpg", "00:10:32", "Throw it there when the fuck reaches the climax, shake yourself, and enjoy your climax quietly (scroll down to see the world for the full version)", 120536, 839, 18, 45, 6, "狮子座Walker", ""),
	(823435, "https://cdn77.91p49.com/m3u8/823435/823435.m3u8", "http://www.91porn.com/view_video.php?viewkey=538daefc36e57b6d409a&c=t&viewtype=&category=", "https://img.91p51.com/thumb/823435.jpg", "00:05:02", "Sweet and full of contrast freshman girl! moan Zhentian (see Jianjie for the full version)", 54600, 678, 4, 26, 0, "新加坡大鸟哥", ""),
	(823457, "https://la3.killcovid2021.com/m3u8/823457/823457.m3u8", "http://www.91porn.com/view_video.php?viewkey=046be22c59671fc2c593&page=5&viewtype=basic&category=ori", "https://img.91p51.com/thumb/823457.jpg", "00:16:22", "Full dialogue subtitles SM training married woman spraying water [ask the heroine to see the original flavor of the website]", 20441, 236, 1, 9, 0, "Neilmei", ""),
	(823466, "https://cdn77.91p49.com/m3u8/823466/823466.m3u8", "http://www.91porn.com/view_video.php?viewkey=2f0b6c5dda68db49f7fd&c=t&viewtype=&category=", "https://img.91p51.com/thumb/823466.jpg", "00:04:42", "The contrast is pure and sexy lady, she looks so cute eating chicken", 112525, 1720, 22, 62, 4, "春江花月夜吧", ""),
	(823476, "https://cdn77.91p49.com/m3u8/823476/823476.m3u8", "http://www.91porn.com/view_video.php?viewkey=df554abe02b9100cc351&c=t&viewtype=&category=", "https://img.91p51.com/thumb/823476.jpg", "00:15:09", "A gym where people come in at any time [ask the hostess to see the original flavor of the website]", 146336, 1144, 29, 53, 2, "Neilmei", ""),
	(823480, "https://cdn77.91p49.com/m3u8/823480/823480.m3u8", "http://www.91porn.com/view_video.php?viewkey=121c40f678385489dd32&c=t&viewtype=&category=", "https://img.91p51.com/thumb/823480.jpg", "00:07:51", "Master, can you work harder and hurry up? You&#39;ve had enough, I haven&#39;t had enough! ! ! top top top", 51710, 760, 14, 25, 0, "棒棒糖先生", ""),
	(823522, "https://cdn77.91p49.com/m3u8/823522/823522.m3u8", "http://www.91porn.com/view_video.php?viewkey=809a27ada5a8b2118a52&c=t&viewtype=&category=", "https://img.91p51.com/thumb/823522.jpg", "00:07:57", "Picking Up Bitch Bridesmaid/Orgasm: Kill Me! I don&#39;t want to die!", 106139, 1081, 17, 35, 8, "pprlv", ""),
	(823523, "https://cdn77.91p49.com/m3u8/823523/823523.m3u8", "http://www.91porn.com/view_video.php?viewkey=8b6124a83a0b5033aa84&c=t&viewtype=&category=", "https://img.91p51.com/thumb/823523.jpg", "00:13:02", "So exciting! Cuckold plays with awesome kinky wife three-some! Stimulating scenes (see Jianjie for the full version)", 62322, 1277, 10, 51, 4, "AC2023", ""),
	(823524, "https://la3.killcovid2021.com/m3u8/823524/823524.m3u8", "http://www.91porn.com/view_video.php?viewkey=1756363915&c=t&viewtype=&category=", "https://img.91p51.com/thumb/823524.jpg", "00:08:02", "18-year-old foreign student went bankrupt just after returning to China, playing with a double-tailed white tiger JK girl who can be fucked and can selfie in the mirror", 65515, 906, 8, 41, 2, "是性奴小雨喔", ""),
	(823526, "https://la3.killcovid2021.com/m3u8/823526/823526.m3u8", "http://www.91porn.com/view_video.php?viewkey=40ab3010d07c2c8742d7&page=5&viewtype=basic&category=ori", "https://img.91p51.com/thumb/823526.jpg", "00:40:54", "Author benefits, countdown voting, high number of votes priority (see Jianjie Yuepa channel)", 16132, 126, 19, 7, 2, "水果糖先生", ""),
	(823529, "https://cdn77.91p49.com/m3u8/823529/823529.m3u8", "http://www.91porn.com/view_video.php?viewkey=a6bc252cd5ec39fc516e&c=t&viewtype=&category=", "https://img.91p51.com/thumb/823529.jpg", "00:14:35", "Sexy lady of Sichuan Institute of Media and Communication, whose private sex shoot was exposed by a scumbag [The full version has been uploaded below in 89 minutes]", 83191, 1463, 8, 34, 3, "91刘先生", ""),
	(823532, "https://la3.killcovid2021.com/m3u8/823532/823532.m3u8", "http://www.91porn.com/view_video.php?viewkey=1402936388&page=5&viewtype=basic&category=ori", "https://img.91p51.com/thumb/823532.jpg", "00:09:56", "Known as the artifact in pussy! 18 females with big backs, small bodies and big buttocks (see Jianjie Yueping channel)", 7211, 117, 0, 7, 0, "水果糖先生", ""),
	(823535, "https://cdn77.91p49.com/m3u8/823535/823535.m3u8", "http://www.91porn.com/view_video.php?viewkey=83415040&c=t&viewtype=&category=", "https://img.91p51.com/thumb/823535.jpg", "00:11:35", "The full version is available for a limited time only! The sexy lady in the eyes of colleagues is actually very lewd", 48494, 777, 8, 24, 3, "Timepasserby", ""),
	(823536, "https://cdn77.91p49.com/m3u8/823536/823536.m3u8", "http://www.91porn.com/view_video.php?viewkey=102652526&c=t&viewtype=&category=", "https://img.91p51.com/thumb/823536.jpg", "00:12:33", "The pink and beautiful pussy is clearly visible! Glossy legs are sexy and sultry! A personal favorite! (See Intermediary for the full version)", 147168, 1843, 62, 109, 10, "我叫山雞雞巴的雞", ""),
	(823542, "https://cdn77.91p49.com/m3u8/823542/823542.m3u8", "http://www.91porn.com/view_video.php?viewkey=4344a72e2c4275d07690&page=4&viewtype=basic&category=ori", "https://img.91p51.com/thumb/823542.jpg", "00:11:27", "married woman counts the number of orgasms by herself", 12465, 169, 1, 7, 2, "三花淡奶", ""),
	(823545, "https://cdn77.91p49.com/m3u8/823545/823545.m3u8", "http://www.91porn.com/view_video.php?viewkey=1528751702&page=5&viewtype=basic&category=ori", "https://img.91p51.com/thumb/823545.jpg", "00:11:01", "Forcibly creampie hit hard (full version see intermediary)", 10246, 92, 0, 7, 0, "快枪手先生", ""),
	(823546, "https://la3.killcovid2021.com/m3u8/823546/823546.m3u8", "http://www.91porn.com/view_video.php?viewkey=1108346330&c=t&viewtype=&category=", "https://img.91p51.com/thumb/823546.jpg", "00:20:46", "The younger girl  is not at home, so I can only fuck the twin girl , it is so horny to spray water (see the full version)", 38191, 609, 3, 21, 3, "91小帅BBB", ""),
	(823550, "https://la3.killcovid2021.com/m3u8/823550/823550.m3u8", "http://www.91porn.com/view_video.php?viewkey=1209169358&page=5&viewtype=basic&category=ori", "https://img.91p51.com/thumb/823550.jpg", "00:05:55", "Go to her house while her husband is not at home to fuck her and play with her big tits (see Jianjie for the full version)", 8278, 103, 0, 4, 0, "AC2023", ""),
	(823553, "https://la3.killcovid2021.com/m3u8/823553/823553.m3u8", "http://www.91porn.com/view_video.php?viewkey=e98bdb3c35257a43b1a0&c=t&viewtype=&category=", "https://img.91p51.com/thumb/823553.jpg", "00:29:56", "18-year-old contrast school girl awesome full video, must ejeculate! The fan-customized ones are now shared with everyone for free!", 61529, 945, 19, 41, 6, "拆二代Cc", ""),
	(823567, "https://la3.killcovid2021.com/m3u8/823567/823567.m3u8", "http://www.91porn.com/view_video.php?viewkey=565477169&c=t&viewtype=&category=", "https://img.91p51.com/thumb/823567.jpg", "00:06:14", "You guys seem to be partial to her? Is it because she is white and shiny?", 57786, 890, 9, 53, 9, "91探花李寻欢", ""),
	(823573, "https://cdn77.91p49.com/m3u8/823573/823573.m3u8", "http://www.91porn.com/view_video.php?viewkey=1472835371&c=t&viewtype=&category=", "https://img.91p51.com/thumb/823573.jpg", "00:04:35", "&quot;It&#39;s all out to play, how can you ejeculate inside?&quot; Zhuji one night stand 173 long-legged married woman was forced to creampie by me", 110657, 1151, 21, 41, 4, "动感五月天", ""),
	(823576, "https://cdn77.91p49.com/m3u8/823576/823576.m3u8", "http://www.91porn.com/view_video.php?viewkey=dfdb2b8be9907a2cdb7d&c=t&viewtype=&category=", "https://img.91p51.com/thumb/823576.jpg", "00:45:29", "Reality matters! You want to fuck my asshole? cock is useless for you", 89576, 1049, 3, 31, 9, "91欧巴桑", ""),
	(823578, "https://la3.killcovid2021.com/m3u8/823578/823578.m3u8", "http://www.91porn.com/view_video.php?viewkey=1733414873&c=t&viewtype=&category=", "https://img.91p51.com/thumb/823578.jpg", "00:05:43", "Close-up creampie school girl powder pussy in the first perspective of dance school", 45550, 567, 8, 25, 3, "UUS1980", ""),
	(823642, "https://cdn77.91p49.com/m3u8/823642/823642.m3u8", "http://www.91porn.com/view_video.php?viewkey=ed6bf0d5695d0652f773&c=t&viewtype=&category=", "https://img.91p51.com/thumb/823642.jpg", "00:20:33", "Super cute little girl ! Forced to fuck from behind creampie by scumbag! [The full version has been uploaded below in 47 minutes]", 101428, 1049, 4, 35, 13, "91刘先生", ""),
	(823649, "https://cdn77.91p49.com/m3u8/823649/823649.m3u8", "http://www.91porn.com/view_video.php?viewkey=c6c0c0bd5c8b5e0f920b&c=t&viewtype=&category=", "https://img.91p51.com/thumb/823649.jpg", "00:34:57", "There are so many beauties in Hunan! Anyone who comes after 00 is awesome [The full version has been uploaded below in 52 minutes]", 89405, 1064, 9, 24, 4, "91刘先生", ""),
	(823673, "https://cdn77.91p49.com/m3u8/823673/823673.m3u8", "http://www.91porn.com/view_video.php?viewkey=eceb2f264acf388e3879&c=t&viewtype=&category=", "https://img.91p51.com/thumb/823673.jpg", "00:17:27", "Sophomore school beauty, this figure is too awesome, all kinds of poses crazy fuck [The full version has been uploaded in 73 minutes]", 70765, 1236, 10, 28, 3, "91刘先生", ""),
	(823833, "https://la3.killcovid2021.com/m3u8/823833/823833.m3u8", "http://www.91porn.com/view_video.php?viewkey=d5f7a73705935b2c1eb9&page=3&viewtype=basic&category=ori", "https://img.91p51.com/thumb/823833.jpg", "00:07:57", "married woman big black than being fucked by a big cock", 6612, 90, 1, 9, 0, "Neilmei", ""),
	(823858, "https://la3.killcovid2021.com/m3u8/823858/823858.m3u8", "http://www.91porn.com/view_video.php?viewkey=906583619657aa579cf1&page=3&viewtype=basic&category=ori", "https://img.91p51.com/thumb/823858.jpg", "00:08:31", "It&#39;s the first time I&#39;ve seen a bitch with so many horny words, it&#39;s so contrasting! Sophomore gets hotel creampie! full version", 21842, 255, 2, 7, 1, "pprlv", ""),
	(823861, "https://cdn77.91p49.com/m3u8/823861/823861.m3u8", "http://www.91porn.com/view_video.php?viewkey=46a227307c1b0ed4e44c&page=3&viewtype=basic&category=ori", "https://img.91p51.com/thumb/823861.jpg", "00:07:50", "University teacher fucks students at school (full version see intermediary)", 66508, 456, 14, 18, 8, "快枪手先生", ""),
	(823906, "https://cdn77.91p49.com/m3u8/823906/823906.m3u8", "http://www.91porn.com/view_video.php?viewkey=2548c7655e3880459b00&page=3&viewtype=basic&category=ori", "https://img.91p51.com/thumb/823906.jpg", "00:04:35", "To lure the school girl, you won&#39;t be able to escape when you get to the hotel.", 18697, 178, 1, 18, 0, "UUS1980", ""),
	(823908, "https://la3.killcovid2021.com/m3u8/823908/823908.m3u8", "http://www.91porn.com/view_video.php?viewkey=ef71cdfdec0e30e4f278&page=3&viewtype=basic&category=ori", "https://img.91p51.com/thumb/823908.jpg", "00:07:47", "cheating married woman pregnant, her husband thought he was very happy", 23155, 311, 1, 13, 3, "91suixin", ""),
	(823917, "https://la3.killcovid2021.com/m3u8/823917/823917.m3u8", "http://www.91porn.com/view_video.php?viewkey=4ad7cc29aee594122ad9&page=3&viewtype=basic&category=ori", "https://img.91p51.com/thumb/823917.jpg", "00:11:39", "Your husband is too poor, you can only be fucked by rich people, because your body is worth money (scroll down to see the world in the full version)", 72727, 686, 23, 34, 9, "狮子座Walker", ""),
	(823918, "https://cdn77.91p49.com/m3u8/823918/823918.m3u8", "http://www.91porn.com/view_video.php?viewkey=aded6f7b6f9be71777d8&page=3&viewtype=basic&category=ori", "https://img.91p51.com/thumb/823918.jpg", "00:06:24", "GG school girl maid bitch wearing handcuffs and dog chains (update the full version in the next issue, like and follow)", 9490, 156, 3, 17, 0, "91戴夫", ""),
	(823920, "https://la3.killcovid2021.com/m3u8/823920/823920.m3u8", "http://www.91porn.com/view_video.php?viewkey=207136546&page=3&viewtype=basic&category=ori", "https://img.91p51.com/thumb/823920.jpg", "00:22:09", "The original licked pussy for a fuck friend in Shenzhen and climaxed 3 times in more than 20 minutes. I don’t know if she is too horny or I am too horny, 91PORN verified", 8856, 58, 0, 4, 0, "wx_aibubian69", ""),
	(823936, "https://cdn77.91p49.com/m3u8/823936/823936.m3u8", "http://www.91porn.com/view_video.php?viewkey=d7ace0e1b466de700a1d&page=3&viewtype=basic&category=ori", "https://img.91p51.com/thumb/823936.jpg", "00:07:49", "The latest outflow) wearing stockings in jeans! Contrast stands for creampie cum! Obscenity!", 29076, 409, 3, 20, 2, "pprlv", ""),
	(823986, "https://cdn77.91p49.com/m3u8/823986/823986.m3u8", "http://www.91porn.com/view_video.php?viewkey=38a2ca5bd1f85e6f2824&page=3&viewtype=basic&category=ori", "https://img.91p51.com/thumb/823986.jpg", "00:09:07", "&quot;You are perverted, you have to fuck me in the shower&quot; bathroom fuck young woman with big breasts! (See Jianjie for the full version)", 16978, 222, 1, 11, 0, "AC2023", ""),
	(823988, "https://la3.killcovid2021.com/m3u8/823988/823988.m3u8", "http://www.91porn.com/view_video.php?viewkey=30262667ef7b8a655b9c&page=3&viewtype=basic&category=ori", "https://img.91p51.com/thumb/823988.jpg", "00:05:07", "【Luyuan】&quot;Fuck in, don&#39;t look at my little pussy anymore&quot;", 42746, 483, 4, 31, 4, "jmd106461", ""),
	(823992, "https://cdn77.91p49.com/m3u8/823992/823992.m3u8", "http://www.91porn.com/view_video.php?viewkey=1127181408&page=3&viewtype=basic&category=ori", "https://img.91p51.com/thumb/823992.jpg", "00:07:05", "Beautiful peach buttocks, fully automatic masturbation cup, just a little tight! (See Intermediary for the full version)", 28310, 498, 7, 23, 2, "我叫山雞雞巴的雞", ""),
	(823995, "https://cdn77.91p49.com/m3u8/823995/823995.m3u8", "http://www.91porn.com/view_video.php?viewkey=b574f29759c64be9033e&page=3&viewtype=basic&category=ori", "https://img.91p51.com/thumb/823995.jpg", "00:12:41", "18-year-old jk contrast beautiful girl, moan has multiple orgasms and cramps throughout the whole process, white pulp flows out, must ejeculate semen", 37485, 594, 10, 28, 2, "拆二代Cc", ""),
	(824005, "https://la3.killcovid2021.com/m3u8/824005/824005.m3u8", "http://www.91porn.com/view_video.php?viewkey=9e077f95fc371e689a73&page=3&viewtype=basic&category=ori", "https://img.91p51.com/thumb/824005.jpg", "00:00:19", "try to sniff up skirt creampie fucking good", 6924, 26, 0, 1, 2, "d0r6", ""),
	(824009, "https://la3.killcovid2021.com/m3u8/824009/824009.m3u8", "http://www.91porn.com/view_video.php?viewkey=1116693839&page=3&viewtype=basic&category=ori", "https://img.91p51.com/thumb/824009.jpg", "00:05:48", "Notice: My aunt is still one day away, so she will be delayed. (Look at Jianjie Yuepa channel)", 4301, 46, 0, 2, 0, "水果糖先生", ""),
	(824012, "https://cdn77.91p49.com/m3u8/824012/824012.m3u8", "http://www.91porn.com/view_video.php?viewkey=d57b1562d032a59bba3c&page=3&viewtype=basic&category=ori", "https://img.91p51.com/thumb/824012.jpg", "00:10:59", "The G-milk millions of Internet celebrities that you are urging to death are coming. Don’t just look at it.", 26273, 642, 4, 41, 1, "91探花李寻欢", ""),
	(824014, "https://la3.killcovid2021.com/m3u8/824014/824014.m3u8", "http://www.91porn.com/view_video.php?viewkey=0111a4a0c49efbc24ed2&page=3&viewtype=basic&category=ori", "https://img.91p51.com/thumb/824014.jpg", "00:06:27", "The sound of fuck is crisp and sweet! Forced orgasm (see Jianjie Yuesang channel)", 5164, 76, 1, 2, 0, "水果糖先生", ""),
	(824024, "https://cdn77.91p49.com/m3u8/824024/824024.m3u8", "http://www.91porn.com/view_video.php?viewkey=783749450&page=3&viewtype=basic&category=ori", "https://img.91p51.com/thumb/824024.jpg", "00:15:49", "Walking tractor type fuck awesome fuck frame (see Jianjieyuepa channel)", 7871, 103, 2, 6, 0, "水果糖先生", ""),
	(824031, "https://la3.killcovid2021.com/m3u8/824031/824031.m3u8", "http://www.91porn.com/view_video.php?viewkey=49975377&page=3&viewtype=basic&category=ori", "https://img.91p51.com/thumb/824031.jpg", "00:08:44", "[Full version] &quot;They are all out to play, how do you ejeculate inside?&quot; Zhuji 173 married woman is forced to creampie", 33290, 545, 2, 13, 3, "动感五月天", ""),
	(824035, "https://cdn77.91p49.com/m3u8/824035/824035.m3u8", "http://www.91porn.com/view_video.php?viewkey=e7c77e9ac9675792a144&page=2&viewtype=basic&category=ori", "https://img.91p51.com/thumb/824035.jpg", "00:00:20", "A History of Developing a Male Dog&#39;s Waist", 3397, 18, 1, 2, 2, "d0r6", ""),
	(824046, "https://cdn77.91p49.com/m3u8/824046/824046.m3u8", "http://www.91porn.com/view_video.php?viewkey=d3db0bb0d2d94cf6196e&page=3&viewtype=basic&category=ori", "https://img.91p51.com/thumb/824046.jpg", "00:04:18", "With this beautiful woman, I will die without regret. (Complete version without deletion)", 14417, 179, 0, 9, 1, "春江花月夜吧", ""),
	(824326, "https://la3.killcovid2021.com/m3u8/824326/824326.m3u8", "http://www.91porn.com/view_video.php?viewkey=1297866536&page=0&viewtype=basic&category=ori", "https://img.91p51.com/thumb/824326.jpg", "00:04:00", "The real original fuck hard. The freshman school girl who is adopted by the school can ejeculate the full version. Watch Jianjie", 13489, 152, 4, 7, 0, "Oscar Zhang", ""),
	(824412, "https://cdn77.91p49.com/m3u8/824412/824412.m3u8", "http://www.91porn.com/view_video.php?viewkey=1abbe8906ac42ab18f4a&page=0&viewtype=basic&category=ori", "https://img.91p51.com/thumb/824412.jpg", "00:05:51", "[Luyuan] &quot;Why did you spray water when you slapped your face? Is it so perverted?&quot; Wonderful dialogue", 5964, 87, 0, 4, 0, "jmd106461", ""),
	(824423, "https://la3.killcovid2021.com/m3u8/824423/824423.m3u8", "http://www.91porn.com/view_video.php?viewkey=1846b8c4e1011b813394&page=0&viewtype=basic&category=ori", "https://img.91p51.com/thumb/824423.jpg", "00:06:57", "&quot;Please don&#39;t show my videos to my boyfriend&quot; Please, cuckold contrast bitch, special horny, 20 years old", 4905, 64, 0, 1, 1, "pprlv", ""),
	(824427, "https://cdn77.91p49.com/m3u8/824427/824427.m3u8", "http://www.91porn.com/view_video.php?viewkey=705794165&page=0&viewtype=basic&category=ori", "https://img.91p51.com/thumb/824427.jpg", "00:08:21", "Contrasting school girl bitches have to study hard and are about to take the college entrance examination, the last creampie, or repeat it", 5224, 71, 0, 5, 0, "拆二代Cc", ""),
	(824433, "https://cdn77.91p49.com/m3u8/824433/824433.m3u8", "http://www.91porn.com/view_video.php?viewkey=498376465&page=0&viewtype=basic&category=ori", "https://img.91p51.com/thumb/824433.jpg", "00:05:55", "My girl  is very honest, my girl  is too terrible", 5326, 67, 6, 7, 0, "91探花李寻欢", ""),
	(824434, "https://cdn77.91p49.com/m3u8/824434/824434.m3u8", "http://www.91porn.com/view_video.php?viewkey=387742611&page=0&viewtype=basic&category=ori", "https://img.91p51.com/thumb/824434.jpg", "00:05:31", "Good guy and her ex-girlfriend sent me a sex video", 5805, 67, 0, 2, 0, "春江花月夜吧", ""),
	(824437, "https://cdn77.91p49.com/m3u8/824437/824437.m3u8", "http://www.91porn.com/view_video.php?viewkey=980b75b078d29a8f18a8&page=0&viewtype=basic&category=ori", "https://img.91p51.com/thumb/824437.jpg", "00:08:28", "Gym pickup married teen, awesome peach ass, non-condom pounding creampie", 6687, 41, 0, 3, 1, "Sextoy", ""),
	(824438, "https://cdn77.91p49.com/m3u8/824438/824438.m3u8", "http://www.91porn.com/view_video.php?viewkey=ec06dac7482cedf0669c&page=0&viewtype=basic&category=ori", "https://img.91p51.com/thumb/824438.jpg", "00:09:00", "[Full version] &quot;Don&#39;t worry about it, my husband is checking the post&quot; Jinan one night stand married woman with fat buttocks, ask for creampie during the safety period", 4423, 56, 0, 4, 0, "动感五月天", ""),
	(824443, "https://cdn77.91p49.com/m3u8/824443/824443.m3u8", "http://www.91porn.com/view_video.php?viewkey=84a8d9b9d712f4e0831d&page=0&viewtype=basic&category=ori", "https://img.91p51.com/thumb/824443.jpg", "00:02:47", "married woman bitch put on nipple clips", 1831, 17, 0, 2, 0, "黑椒盖饭", ""),
	(824445, "https://la3.killcovid2021.com/m3u8/824445/824445.m3u8", "http://www.91porn.com/view_video.php?viewkey=3063916d4144967e2727&page=0&viewtype=basic&category=ori", "https://img.91p51.com/thumb/824445.jpg", "00:10:47", "I&#39;m going to spray, please don&#39;t fuck so deep", 2473, 25, 0, 2, 0, "水果糖先生", ""),
	(824455, "https://cdn77.91p49.com/m3u8/824455/824455.m3u8", "http://www.91porn.com/view_video.php?viewkey=09738e8906e048d6dde8&page=0&viewtype=basic&category=ori", "https://img.91p51.com/thumb/824455.jpg", "00:10:44", "The lead creampie cuckold married woman was almost discovered by his wife&#39;s phone call", 695, 4, 0, 0, 0, "奶白睡不饱", ""),
	(824471, "https://la3.killcovid2021.com/m3u8/824471/824471.m3u8", "http://www.91porn.com/view_video.php?viewkey=8f9b6df98c05875d51c9&page=0&viewtype=basic&category=ori", "https://img.91p51.com/thumb/824471.jpg", "00:00:19", "【Original】520 fuck slut", 162, 0, 0, 0, 0, "仟咯", "");

/*!40000 ALTER TABLE `p91vi` ENABLE KEYS */;
UNLOCK TABLES;



# Dump of table p91videos
# ------------------------------------------------------------

DROP TABLE IF EXISTS `p91videos`;

CREATE TABLE `p91videos` (
  `id` int unsigned NOT NULL,
  `title` varchar(255) CHARACTER SET utf8mb4 COLLATE utf8mb4_0900_ai_ci NOT NULL,
  `author` varchar(255) CHARACTER SET utf8mb4 COLLATE utf8mb4_0900_ai_ci NOT NULL DEFAULT 'p91',
  `m3u8_url` varchar(255) CHARACTER SET utf8mb4 COLLATE utf8mb4_0900_ai_ci NOT NULL,
  `thumbnail` varchar(255) CHARACTER SET utf8mb4 COLLATE utf8mb4_0900_ai_ci DEFAULT '',
  `popularites` int DEFAULT '0',
  `detail_url` varchar(255) CHARACTER SET utf8mb4 COLLATE utf8mb4_0900_ai_ci NOT NULL,
  `duration` varchar(255) CHARACTER SET utf8mb4 COLLATE utf8mb4_0900_ai_ci DEFAULT '0',
  `favorites` int DEFAULT '0',
  `comments` int DEFAULT '0',
  `likes` int DEFAULT '0',
  `dislikes` int DEFAULT '0',
  `add_time` timestamp NULL DEFAULT CURRENT_TIMESTAMP,
  `author_url` varchar(255) CHARACTER SET utf8mb4 COLLATE utf8mb4_0900_ai_ci NOT NULL DEFAULT 'https://www.91porn.com/uprofile.php?UID=c2b6Tp3ejq5B7vYMEW1hcnD91jWLecZhzv3JLsprrgBYgmWKQw',
  PRIMARY KEY (`id`),
  KEY `likes` (`likes`),
  KEY `favorites` (`favorites`),
  KEY `add_time` (`add_time`),
  KEY `author_id` (`author_url`)
) ENGINE=InnoDB DEFAULT CHARSET=utf8mb4 COLLATE=utf8mb4_0900_ai_ci;

LOCK TABLES `p91videos` WRITE;
/*!40000 ALTER TABLE `p91videos` DISABLE KEYS */;

INSERT INTO `p91videos` (`id`, `title`, `author`, `m3u8_url`, `thumbnail`, `popularites`, `detail_url`, `duration`, `favorites`, `comments`, `likes`, `dislikes`, `author_url`) VALUES
	(810979, "老黑大保健！阿姨被操的得撕心裂肺【完整版90分钟已上传下面】", "91刘先生", "https://la3.killcovid2021.com/m3u8/810979/810979.m3u8", "https://img.91p51.com/thumb/810979.jpg", 3634, "http://www.91porn.com/view_video.php?viewkey=8a32f7855e4ce657411d&page=2&viewtype=basic&category=top", "00:44:11", 1604, 20, 62, 39, "https://www.91porn.com/uprofile.php?UID=c2b6Tp3ejq5B7vYMEW1hcnD91jWLecZhzv3JLsprrgBYgmWKQw"),
	(811021, "超敏感体质大三舞蹈生母狗，极品美腿蜜桃臀，深入即抽搐（间介完整", "拆二代Cc", "https://la3.killcovid2021.com/m3u8/811021/811021.m3u8", "https://img.91p51.com/thumb/811021.jpg", 2890, "http://www.91porn.com/view_video.php?viewkey=1627685613&page=4&viewtype=basic&category=top", "00:07:17", 2463, 68, 106, 14, "http://www.91porn.com/uprofile.php?UID=96b56siBGb2vlDUMPBwXxs0VmLSOGofrnh5pCOzpSWQLvVwWwQ"),
	(811032, "“不是手推吗？怎么鸡巴进来了？还不带套？”【完整版55分钟已上传简", "91刘先生", "https://la3.killcovid2021.com/m3u8/811032/811032.m3u8", "https://img.91p51.com/thumb/811032.jpg", 3244, "http://www.91porn.com/view_video.php?viewkey=53150cbe4c6055e9f08c&page=3&viewtype=basic&category=top", "00:24:51", 1744, 24, 60, 14, "https://www.91porn.com/uprofile.php?UID=c2b6Tp3ejq5B7vYMEW1hcnD91jWLecZhzv3JLsprrgBYgmWKQw"),
	(811040, "不爽为什么要把小逼逼抬的这么高啊？【完整版35分钟已上传简 介】", "林兮", "https://la3.killcovid2021.com/m3u8/811040/811040.m3u8", "https://img.91p51.com/thumb/811040.jpg", 2302, "http://www.91porn.com/view_video.php?viewkey=1316233572&page=7&viewtype=basic&category=top", "00:08:09", 2033, 25, 50, 16, "http://www.91porn.com/uprofile.php?UID=8a3fqDRwepYgRj1KXVhGJzSXkB2ASEjOLNiSDtsfD4MSyKBL"),
	(811472, "假扮记者勾引绿化工人！工人今天爽了肛交【完整版90分钟已上传下面】", "91刘先生", "https://la3.killcovid2021.com/m3u8/811472/811472.m3u8", "https://img.91p51.com/thumb/811472.jpg", 1630, "http://www.91porn.com/view_video.php?viewkey=33bb7c61991947087337&page=10&viewtype=basic&category=top", "00:37:13", 1663, 20, 63, 11, "https://www.91porn.com/uprofile.php?UID=c2b6Tp3ejq5B7vYMEW1hcnD91jWLecZhzv3JLsprrgBYgmWKQw"),
	(811508, "Bathroom fuck awesome school girl with such a good figure sitting on the toilet creampie can live up to her", "yangyangfuqi", "https://la3.killcovid2021.com/m3u8/811508/811508.m3u8", "https://img.91p51.com/thumb/811508.jpg", 3993, "http://www.91porn.com/view_video.php?viewkey=73cc641b3747f3ea3f76&page=1&viewtype=basic&category=top", "00:05:26", 6443, 55, 194, 17, "http://www.91porn.com/uprofile.php?UID=c8af9ojUOt7nAQSD9apKhFStaEspgUTcFpezzHwp4lUKOQVTng"),
	(811523, "大神回忆录，个个都是经典极品！（完整版看简界）", "AC2023", "https://la3.killcovid2021.com/m3u8/811523/811523.m3u8", "https://img.91p51.com/thumb/811523.jpg", 5390, "http://www.91porn.com/view_video.php?viewkey=a80abf2389cdf3667188&page=1&viewtype=basic&category=top", "00:18:51", 6204, 169, 180, 31, "http://www.91porn.com/uprofile.php?UID=8e7b6HZwUpe9MFDPo0kHazGgkaMSA8M2vBYgT6oFsxZBGZNO"),
	(811586, "最新泡良！约极品良家眼镜妹纤细美腿白丝袜【完整版99分钟已上传下面】", "91刘先生", "https://la3.killcovid2021.com/m3u8/811586/811586.m3u8", "https://img.91p51.com/thumb/811586.jpg", 2756, "http://www.91porn.com/view_video.php?viewkey=0e52af22bbfc94ac27f1&page=3&viewtype=basic&category=top", "00:56:56", 2467, 6, 68, 9, "https://www.91porn.com/uprofile.php?UID=c2b6Tp3ejq5B7vYMEW1hcnD91jWLecZhzv3JLsprrgBYgmWKQw"),
	(811669, "&quot;Ejeculate my pussy, I&#39;m fine after taking medicine&quot; considerately wiped the single man&#39;s sweat [The full version has been uploaded in 28 minutes", "梦里看寻花", "https://la3.killcovid2021.com/m3u8/811669/811669.m3u8", "https://img.91p51.com/thumb/811669.jpg", 4834, "http://www.91porn.com/view_video.php?viewkey=4b094af1650e24598fc8&page=1&viewtype=basic&category=top", "00:07:19", 3408, 62, 119, 21, "http://www.91porn.com/uprofile.php?UID=555a2P1VSjPDMHcVuFBpwWAvo32or1czqSYUqYCGYODMG3Jqsw"),
	(811965, "Stimulate! Playing milf  and girl  with good guys, 4P is exciting! (See Jianjie for the full version)", "AC2023", "https://la3.killcovid2021.com/m3u8/811965/811965.m3u8", "https://img.91p51.com/thumb/811965.jpg", 8576, "http://www.91porn.com/view_video.php?viewkey=fb4c6d933c1e0ddd02ad&page=1&viewtype=basic&category=top", "00:05:11", 4819, 123, 138, 35, "http://www.91porn.com/uprofile.php?UID=de9024IMwjXheEfA7Z2dSZKbnvqutFa9R6lXJBvX2zpHoQNE"),
	(812053, "The world after 00 is really crazy! Girlfriends and boyfriends watch together [The full version has been uploaded below in 98 minutes]", "91刘先生", "https://la3.killcovid2021.com/m3u8/812053/812053.m3u8", "https://img.91p51.com/thumb/812053.jpg", 4413, "http://www.91porn.com/view_video.php?viewkey=2c0510983caaeeccc0d8&page=1&viewtype=basic&category=top", "00:45:50", 2133, 27, 53, 22, "https://www.91porn.com/uprofile.php?UID=c2b6Tp3ejq5B7vYMEW1hcnD91jWLecZhzv3JLsprrgBYgmWKQw"),
	(812071, "抖音老师前段时间和男友分手来平台发泄情绪【完整版99分钟已上传下面】", "91刘先生", "https://la3.killcovid2021.com/m3u8/812071/812071.m3u8", "https://img.91p51.com/thumb/812071.jpg", 2419, "http://www.91porn.com/view_video.php?viewkey=497dd04e675e75021f8e&page=4&viewtype=basic&category=top", "00:46:26", 1968, 46, 65, 24, "https://www.91porn.com/uprofile.php?UID=c2b6Tp3ejq5B7vYMEW1hcnD91jWLecZhzv3JLsprrgBYgmWKQw"),
	(812150, "后入大屁股校花 陈圆圆 第一视角", "91小腰精", "https://la3.killcovid2021.com/m3u8/812150/812150.m3u8", "https://img.91p51.com/thumb/812150.jpg", 1913, "http://www.91porn.com/view_video.php?viewkey=522214044&page=7&viewtype=basic&category=top", "00:24:38", 2328, 47, 93, 7, "http://www.91porn.com/uprofile.php?UID=b4cbU2TcEGLm15fyNhi38cB2RVS4u8Ymw1N1C9oVhy7qsFGDOA"),
	(812186, "&quot;If my father finds out, he will definitely cut off one of your hands&quot; [Introduction of the full version uploaded in 47 minutes]", "一天一炮3344", "https://la3.killcovid2021.com/m3u8/812186/812186.m3u8", "https://img.91p51.com/thumb/812186.jpg", 5263, "http://www.91porn.com/view_video.php?viewkey=1556651352&page=1&viewtype=basic&category=top", "00:06:22", 4020, 70, 113, 25, "http://www.91porn.com/uprofile.php?UID=4073VlFXJYoBCZFO9rUXtn2tSiyrPaMecicNIpIQK0XtGBulcw"),
	(812356, "（全集完整版附聊天记录教程和怎么聊到她的以及她的联系方式都上传至下面", "91刘先生", "https://la3.killcovid2021.com/m3u8/812356/812356.m3u8", "https://img.91p51.com/thumb/812356.jpg", 1994, "http://www.91porn.com/view_video.php?viewkey=8dde37fe7f447962d405&page=7&viewtype=basic&category=top", "00:20:36", 1550, 10, 33, 13, "https://www.91porn.com/uprofile.php?UID=c2b6Tp3ejq5B7vYMEW1hcnD91jWLecZhzv3JLsprrgBYgmWKQw"),
	(812379, "深圳女大web3.0实习生 人前女神 床上母狗 有完整版", "好兄弟来啦", "https://la3.killcovid2021.com/m3u8/812379/812379.m3u8", "https://img.91p51.com/thumb/812379.jpg", 6628, "http://www.91porn.com/view_video.php?viewkey=8b5045b569a23d857405&page=1&viewtype=basic&category=top", "00:03:04", 4836, 312, 142, 21, "http://www.91porn.com/uprofile.php?UID=1fd3GGQ0zgnYYowJ3EmdDGum6MTuCoAn4ai7KHIeEhETLYswbg"),
	(812433, "(此阿姨有全集视频完整版共18部下面免费看)阿姨说20多年没这么舒服", "91刘先生", "https://la3.killcovid2021.com/m3u8/812433/812433.m3u8", "https://img.91p51.com/thumb/812433.jpg", 3661, "http://www.91porn.com/view_video.php?viewkey=46c4455b453fbb334193&page=2&viewtype=basic&category=top", "00:25:56", 3417, 45, 85, 18, "https://www.91porn.com/uprofile.php?UID=c2b6Tp3ejq5B7vYMEW1hcnD91jWLecZhzv3JLsprrgBYgmWKQw"),
	(812612, "不看后悔吞精合集（完整版看间介）", "快枪手先生", "https://la3.killcovid2021.com/m3u8/812612/812612.m3u8", "https://img.91p51.com/thumb/812612.jpg", 2449, "http://www.91porn.com/view_video.php?viewkey=454000989&page=4&viewtype=basic&category=top", "00:09:33", 1735, 28, 59, 12, "http://www.91porn.com/uprofile.php?UID=2c38Bv0ufdWP3h0PeuVdP3yn6deyR2wfQTbYvzBv5J0eihDi"),
	(812620, "这颜值才能叫女神！反差至极【完整版56分钟已上传下面】", "91刘先生", "https://la3.killcovid2021.com/m3u8/812620/812620.m3u8", "https://img.91p51.com/thumb/812620.jpg", 2889, "http://www.91porn.com/view_video.php?viewkey=6af662e617ac67aff57f&page=3&viewtype=basic&category=top", "00:23:16", 3319, 26, 98, 12, "https://www.91porn.com/uprofile.php?UID=c2b6Tp3ejq5B7vYMEW1hcnD91jWLecZhzv3JLsprrgBYgmWKQw"),
	(812640, "91大神回忆录，玩遍各种巨乳！男人向往的世界（完整版看简界）", "AC2023", "https://la3.killcovid2021.com/m3u8/812640/812640.m3u8", "https://img.91p51.com/thumb/812640.jpg", 2445, "http://www.91porn.com/view_video.php?viewkey=1856216401&page=3&viewtype=basic&category=top", "00:19:08", 3789, 40, 120, 17, "http://www.91porn.com/uprofile.php?UID=1030oF5IhSKzuRMSDKLrWjWAGzCcsxPe8auSRE7btcT38drx"),
	(812700, "稀缺资源！极品露脸女神美少妇泄密【完整版59分钟已上传简 介】", "91刘先生", "https://la3.killcovid2021.com/m3u8/812700/812700.m3u8", "https://img.91p51.com/thumb/812700.jpg", 2536, "http://www.91porn.com/view_video.php?viewkey=1722527654&page=4&viewtype=basic&category=top", "00:17:18", 3825, 23, 82, 10, "https://www.91porn.com/uprofile.php?UID=c2b6Tp3ejq5B7vYMEW1hcnD91jWLecZhzv3JLsprrgBYgmWKQw"),
	(812706, "小姐姐把闺蜜带来", "lolalol", "https://la3.killcovid2021.com/m3u8/812706/812706.m3u8", "https://img.91p51.com/thumb/812706.jpg", 3283, "http://www.91porn.com/view_video.php?viewkey=ceea261d0949a0007f44&page=2&viewtype=basic&category=top", "00:07:34", 1655, 30, 65, 15, "http://www.91porn.com/uprofile.php?UID=2a63UUKKy0gN65MBhkG6AIUJMaGiOzAJ5ueBG6yR7d2v3Qqr"),
	(812758, "Luxurious promiscuity! Taking turns creampie heroine gets fucked and convulsed [The full version has been uploaded in 68 minutes]", "梦里看寻花", "https://la3.killcovid2021.com/m3u8/812758/812758.m3u8", "https://img.91p51.com/thumb/812758.jpg", 5089, "http://www.91porn.com/view_video.php?viewkey=de952139c06325061bee&page=1&viewtype=basic&category=top", "00:07:59", 2307, 59, 71, 34, "http://www.91porn.com/uprofile.php?UID=f3bfSCtJvAlDn9eIxcUUYnrfD5UUiDjuCIJylTPVVx1dUubHxw"),
	(812803, "媚黑绿帽OL这姿势无敌了（看简界约啪渠道）", "91欧巴桑", "https://la3.killcovid2021.com/m3u8/812803/812803.m3u8", "https://img.91p51.com/thumb/812803.jpg", 2648, "http://www.91porn.com/view_video.php?viewkey=682a4663f8dab28c1e6b&page=4&viewtype=basic&category=top", "00:30:37", 2120, 29, 66, 21, "http://www.91porn.com/uprofile.php?UID=503fcg8xTnYQTGpE4l84COechXLvWFUtXCqQ6uioY4OXjDh9Bw"),
	(812944, "露脸！母狗练成日记！从不给拍到让其他男人内射需要多久（完整44部簡界", "91深情哥", "https://la3.killcovid2021.com/m3u8/812944/812944.m3u8", "https://img.91p51.com/thumb/812944.jpg", 2306, "http://www.91porn.com/view_video.php?viewkey=1819799638&page=4&viewtype=basic&category=top", "00:07:27", 2633, 16, 71, 18, "http://www.91porn.com/uprofile.php?UID=3729EUaSew4wDcLpOCaOQKaakq2CYfllMgTORMkNI3gyzjWgXQ"),
	(813037, "【独家内幕】重口极品美女，喝尿肛交又内射！（看简界约啪渠道）", "水果糖先生", "https://la3.killcovid2021.com/m3u8/813037/813037.m3u8", "https://img.91p51.com/thumb/813037.jpg", 2501, "http://www.91porn.com/view_video.php?viewkey=d925bea1d8e01f3b3885&page=4&viewtype=basic&category=top", "00:11:17", 2429, 35, 95, 8, "http://www.91porn.com/uprofile.php?UID=56a4uOPlCq3kvLwX9uRQGB7JyJgBSeBk6kq5Qb5iE9D82S92PA"),
	(813117, "衣服别脱！练完瑜伽直接来开房，我要的就是瑜伽裤！（完整版看间介）", "我叫山雞雞巴的雞", "https://la3.killcovid2021.com/m3u8/813117/813117.m3u8", "https://img.91p51.com/thumb/813117.jpg", 2080, "http://www.91porn.com/view_video.php?viewkey=968976297&page=10&viewtype=basic&category=top", "00:07:14", 1667, 41, 86, 10, "http://www.91porn.com/uprofile.php?UID=5919bv17XabcHb2ibTQJPIi05TYzJJWxpeiVOfismG6HVWwaAA"),
	(813147, "热门吃瓜事件！广东碧桂园林同学多人群p真会玩啊（完整版看简界）", "91小帅BBB", "https://la3.killcovid2021.com/m3u8/813147/813147.m3u8", "https://img.91p51.com/thumb/813147.jpg", 5805, "http://www.91porn.com/view_video.php?viewkey=7454d179bd13e214a74e&page=1&viewtype=basic&category=top", "00:21:23", 4685, 56, 172, 37, "http://www.91porn.com/uprofile.php?UID=74f9Rrzyc9oSieRGAzek6rHBTfDIg93Zwwn23ETI4yzhfu2n"),
	(813148, "这奶子人间少有，天然巨乳。（主页已更新）完整版看简芥", "颗颗吸泥", "https://la3.killcovid2021.com/m3u8/813148/813148.m3u8", "https://img.91p51.com/thumb/813148.jpg", 3293, "http://www.91porn.com/view_video.php?viewkey=5da5900103e7b2e8ca30&page=2&viewtype=basic&category=top", "00:05:05", 3969, 98, 137, 9, "http://www.91porn.com/uprofile.php?UID=1ec7UdNmH8cFrOxksnOK0HAyFYHhgNaue6L9mB55p8yPq6ztjA"),
	(813212, "【完整版网址失效已更新简 介】全程字幕对白，姐姐女上位淫语夹射弟弟！", "91刘先生", "https://la3.killcovid2021.com/m3u8/813212/813212.m3u8", "https://img.91p51.com/thumb/813212.jpg", 1764, "http://www.91porn.com/view_video.php?viewkey=bb2ff1dec4d8fc054c1c&page=10&viewtype=basic&category=top", "00:19:13", 1619, 26, 45, 8, "https://www.91porn.com/uprofile.php?UID=c2b6Tp3ejq5B7vYMEW1hcnD91jWLecZhzv3JLsprrgBYgmWKQw"),
	(813225, "【完整版网址失效已更新简 介】“你射里面了？”疯狂淫语加脏话达到高潮", "林兮", "https://la3.killcovid2021.com/m3u8/813225/813225.m3u8", "https://img.91p51.com/thumb/813225.jpg", 3338, "http://www.91porn.com/view_video.php?viewkey=d5214664381d48d25779&page=3&viewtype=basic&category=top", "00:06:06", 1759, 39, 60, 19, "http://www.91porn.com/uprofile.php?UID=a3800ldK2qlQdXLEG1HYVUyahR6HRhqRXND1WwjwuPSTkmLk"),
	(813537, "良家熟女。背着老公偷情第二次", "hopoe710", "https://la3.killcovid2021.com/m3u8/813537/813537.m3u8", "https://img.91p51.com/thumb/813537.jpg", 1546, "http://www.91porn.com/view_video.php?viewkey=230630711&page=10&viewtype=basic&category=top", "00:07:33", 1725, 17, 43, 6, "http://www.91porn.com/uprofile.php?UID=90ac4WaU9uWBsj8jpkVMkc2l8oDgob2UbnrBflOJ9xCgfXkDqg"),
	(813612, "The girl  with big tits from Guangzhou Art School who has been soaking for a long time, her voice is so nice", "91看官吉祥", "https://la3.killcovid2021.com/m3u8/813612/813612.m3u8", "https://img.91p51.com/thumb/813612.jpg", 4288, "http://www.91porn.com/view_video.php?viewkey=67e2a3c354451381e77b&page=1&viewtype=basic&category=top", "00:03:43", 4517, 91, 152, 29, "http://www.91porn.com/uprofile.php?UID=5668jjLbLtN5n6vOVvVS6elUOvDSzspP46KwkJqdYPal12lBZg"),
	(813621, "91大神回忆录，每个女主都是经典极品！（完整版看简界）", "AC2023", "https://la3.killcovid2021.com/m3u8/813621/813621.m3u8", "https://img.91p51.com/thumb/813621.jpg", 2266, "http://www.91porn.com/view_video.php?viewkey=4aac97fe0cc7bba62be6&page=3&viewtype=basic&category=top", "00:25:07", 2525, 21, 76, 21, "http://www.91porn.com/uprofile.php?UID=d130clv2CCtzKnHRIUq7OwpKw8Nl7xsVGbJKH8lBKjaR8Mky"),
	(814090, "01年小姐姐，被疯狂输出后彻底沦陷（完整版看间届）", "狮子座Walker", "https://la3.killcovid2021.com/m3u8/814090/814090.m3u8", "https://img.91p51.com/thumb/814090.jpg", 2313, "http://www.91porn.com/view_video.php?viewkey=fc009bec9700041037f7&page=7&viewtype=basic&category=top", "00:07:17", 1405, 33, 58, 15, "http://www.91porn.com/uprofile.php?UID=e21e5wsq5L9fRXsaJSJH3BU6BdGHuRDOba6AbktYklZYX7BA"),
	(814117, "真实对白！套路侄女，坐舅舅腿上【完整版52分钟已上传下面】", "91刘先生", "https://la3.killcovid2021.com/m3u8/814117/814117.m3u8", "https://img.91p51.com/thumb/814117.jpg", 2229, "http://www.91porn.com/view_video.php?viewkey=084fd61d99bb7a2e033b&page=7&viewtype=basic&category=top", "00:23:31", 992, 12, 36, 12, "https://www.91porn.com/uprofile.php?UID=c2b6Tp3ejq5B7vYMEW1hcnD91jWLecZhzv3JLsprrgBYgmWKQw"),
	(814122, "新片已更新 请关注作者首页", "91小腰精", "https://la3.killcovid2021.com/m3u8/814122/814122.m3u8", "https://img.91p51.com/thumb/814122.jpg", 2860, "http://www.91porn.com/view_video.php?viewkey=ad2015f44a97b049f09b&page=3&viewtype=basic&category=top", "00:13:31", 2890, 84, 136, 14, "http://www.91porn.com/uprofile.php?UID=6964HraHng7H9nH6ytTEm6j2vBaLG5qRCh5XUXXjYF2LNaZZHA"),
	(814543, "A classic memoir, a temperamental young woman in a red dress", "AC2023", "https://la3.killcovid2021.com/m3u8/814543/814543.m3u8", "https://img.91p51.com/thumb/814543.jpg", 3883, "http://www.91porn.com/view_video.php?viewkey=808e95f02468b6ea7891&page=1&viewtype=basic&category=top", "00:50:17", 7410, 53, 176, 14, "http://www.91porn.com/uprofile.php?UID=47b4epOM02D2sJQ6m3YXV54z3pQUgJig37HYtCMMweRH1Bi4"),
	(814551, "网盘流出精神小妹人小还瘾大 全程高潮骚言骚语（完整版看间介）", "Don77", "https://la3.killcovid2021.com/m3u8/814551/814551.m3u8", "https://img.91p51.com/thumb/814551.jpg", 2512, "http://www.91porn.com/view_video.php?viewkey=caab93e19ca4528912db&page=4&viewtype=basic&category=top", "00:05:20", 3804, 35, 101, 7, "http://www.91porn.com/uprofile.php?UID=b585HdtG8GmDIN0UtrQBVxYzjYea5UgkLS9B235LOMSQrT58"),
	(814573, "你敢把我妈叫进来（完整版看间介）", "快枪手先生", "https://la3.killcovid2021.com/m3u8/814573/814573.m3u8", "https://img.91p51.com/thumb/814573.jpg", 7670, "http://www.91porn.com/view_video.php?viewkey=31eceb46a26177f0c702&page=1&viewtype=basic&category=top", "00:07:14", 2802, 108, 97, 54, "http://www.91porn.com/uprofile.php?UID=42admjAiKwqscqsSErzvxXFMIsLNaZBFTEBrgWxBoB0Z5ElW"),
	(814625, "拿下售楼处兼职小妹。人瘦胸大太舒服了，主页已更新新片", "锅锅酱", "https://la3.killcovid2021.com/m3u8/814625/814625.m3u8", "https://img.91p51.com/thumb/814625.jpg", 3690, "http://www.91porn.com/view_video.php?viewkey=f3be3d628f4fb9803c5a&page=2&viewtype=basic&category=top", "00:10:15", 4559, 80, 184, 11, "http://www.91porn.com/uprofile.php?UID=3ac0qQSgpPsO1WFnxqMTn2jNyFWHZJYFtVJjXteMSGRO05mQzA"),
	(814653, "本作封面内容为同一时间拍摄女主衣服都穿一致拍照巨献，若举报，管理明查", "水果糖先生", "https://la3.killcovid2021.com/m3u8/814653/814653.m3u8", "https://img.91p51.com/thumb/814653.jpg", 1919, "http://www.91porn.com/view_video.php?viewkey=8c241f46fcd7db8b0cf7&page=10&viewtype=basic&category=top", "00:09:09", 1129, 26, 40, 7, "http://www.91porn.com/uprofile.php?UID=80830vFeocTfvKUgGWC70e4txPgz1b4E2qF5CNYV2eLgAGEAIw"),
	(814665, "门事件-- 河北燕大女生、世纪港湾车库【完整版39分钟已上传简 介】", "91刘先生", "https://la3.killcovid2021.com/m3u8/814665/814665.m3u8", "https://img.91p51.com/thumb/814665.jpg", 2117, "http://www.91porn.com/view_video.php?viewkey=1346588261&page=7&viewtype=basic&category=top", "00:28:24", 2416, 17, 63, 13, "https://www.91porn.com/uprofile.php?UID=c2b6Tp3ejq5B7vYMEW1hcnD91jWLecZhzv3JLsprrgBYgmWKQw"),
	(814690, "“不许射里面！”91最强炮架绝美颜值！【完整版61分钟已上传简 介】", "约啪教父", "https://la3.killcovid2021.com/m3u8/814690/814690.m3u8", "https://img.91p51.com/thumb/814690.jpg", 3534, "http://www.91porn.com/view_video.php?viewkey=9e1c17e1bb9910b36de1&page=3&viewtype=basic&category=top", "00:07:41", 3470, 34, 100, 20, "http://www.91porn.com/uprofile.php?UID=2355HcgbJ9l7g2WQHNM31wCaiHVrinFldQ2Mv9RpIhWjJT5x9A"),
	(814731, "经典泡良永留存！良家少妇装矜持抗拒被强上【完整版89分钟已上传下面】", "91刘先生", "https://la3.killcovid2021.com/m3u8/814731/814731.m3u8", "https://img.91p51.com/thumb/814731.jpg", 5701, "http://www.91porn.com/view_video.php?viewkey=3541951c8e96eedacaa3&page=1&viewtype=basic&category=top", "01:02:23", 3619, 49, 129, 26, "https://www.91porn.com/uprofile.php?UID=c2b6Tp3ejq5B7vYMEW1hcnD91jWLecZhzv3JLsprrgBYgmWKQw"),
	(814920, "母狗属性“我是baba的小骚逼”主页已更新(完整版看间芥)", "春江花月夜吧", "https://la3.killcovid2021.com/m3u8/814920/814920.m3u8", "https://img.91p51.com/thumb/814920.jpg", 2901, "http://www.91porn.com/view_video.php?viewkey=2352859ec827a301609b&page=4&viewtype=basic&category=top", "00:05:30", 2532, 45, 70, 12, "http://www.91porn.com/uprofile.php?UID=6fc9mmKYydm8ITCr2JLFXK8HQ41BalkajoXxLgEXbnZQQBPOUw"),
	(814958, "This fuck from behind position is the most comfortable, every time you fuck in, you will be stuck to the fleshy ass (full version scroll down to see the intermediary)", "Don77", "https://la3.killcovid2021.com/m3u8/814958/814958.m3u8", "https://img.91p51.com/thumb/814958.jpg", 4789, "http://www.91porn.com/view_video.php?viewkey=43de0d92f52f30a5c98d&page=1&viewtype=basic&category=top", "00:04:54", 3849, 94, 126, 14, "http://www.91porn.com/uprofile.php?UID=13e5B6QQOIISUuq4aZvtoS9T170jciipGwbLE6oHfMuiTT0d"),
	(815024, "91大神回忆录，每个女主都是经典极品！（完整版看简界）", "AC2023", "https://la3.killcovid2021.com/m3u8/815024/815024.m3u8", "https://img.91p51.com/thumb/815024.jpg", 2436, "http://www.91porn.com/view_video.php?viewkey=41c76fb58797d4620740&page=3&viewtype=basic&category=top", "00:24:52", 2955, 99, 68, 24, "http://www.91porn.com/uprofile.php?UID=d6a92wYwNovSXHLaXKUBFwQCRN7JUJRj5UetdrI6b4vyYyzR"),
	(815114, "罗马尼亚妹子40，19岁混血，学生妹，肛交口爆吞精", "x1001", "https://la3.killcovid2021.com/m3u8/815114/815114.m3u8", "https://img.91p51.com/thumb/815114.jpg", 1725, "http://www.91porn.com/view_video.php?viewkey=1567977353&page=10&viewtype=basic&category=top", "00:05:56", 805, 10, 39, 6, "http://www.91porn.com/uprofile.php?UID=cfc5Rbcd9pbKJolyXuUV2leLqjivfqZ3SumsvemnJB8HxYK5"),
	(815127, "罕见黑奶阿姨被00后体育生后入，顶高潮【完整版65分钟已上传简 介】", "91刘先生", "https://la3.killcovid2021.com/m3u8/815127/815127.m3u8", "https://img.91p51.com/thumb/815127.jpg", 2310, "http://www.91porn.com/view_video.php?viewkey=e410cf770f7e654ab0bf&page=7&viewtype=basic&category=top", "00:18:16", 2246, 26, 67, 8, "https://www.91porn.com/uprofile.php?UID=c2b6Tp3ejq5B7vYMEW1hcnD91jWLecZhzv3JLsprrgBYgmWKQw"),
	(815136, "绝美御姐女上位叫声淫荡淫语不断，极品！【完整版65分钟已上传简 介】", "约啪教父", "https://la3.killcovid2021.com/m3u8/815136/815136.m3u8", "https://img.91p51.com/thumb/815136.jpg", 1996, "http://www.91porn.com/view_video.php?viewkey=e5a09ad89b9730fae3a5&page=10&viewtype=basic&category=top", "00:10:42", 2440, 21, 72, 7, "http://www.91porn.com/uprofile.php?UID=21a6XtJnNmp1gfGnfHvm8KphRim8xf35Vn2jukDhiB3TKeHdkQ"),
	(815138, "鸡巴太大了！女闺蜜带我进圈子伺候姐妹们【完整版89分钟已上传简 介】", "约啪教父", "https://la3.killcovid2021.com/m3u8/815138/815138.m3u8", "https://img.91p51.com/thumb/815138.jpg", 2286, "http://www.91porn.com/view_video.php?viewkey=511316645&page=7&viewtype=basic&category=top", "00:06:33", 1594, 15, 55, 12, "http://www.91porn.com/uprofile.php?UID=d742xp7cT44xRAArNFL6PeH0Xp5sXHoVm6W9AEqMGTsJg0OaNA"),
	(815445, "臀控福利时间！瑜伽裤美臀，后入！骑操！女上骑乘！（完整版看间介）", "我叫山雞雞巴的雞", "https://la3.killcovid2021.com/m3u8/815445/815445.m3u8", "https://img.91p51.com/thumb/815445.jpg", 1825, "http://www.91porn.com/view_video.php?viewkey=2037544603&page=10&viewtype=basic&category=top", "00:08:35", 1951, 31, 80, 8, "http://www.91porn.com/uprofile.php?UID=21b78aP89hxgtJQYW8FwYXpvm90FS6AbyFo6QJAOxb2TgN2tMg"),
	(815789, "臀控福利！后入蜂腰巨臀健身教练，腰窝明显，巨根没入（完整簡界可看）", "91深情哥", "https://la3.killcovid2021.com/m3u8/815789/815789.m3u8", "https://img.91p51.com/thumb/815789.jpg", 4622, "http://www.91porn.com/view_video.php?viewkey=e67eb10bcabbd201e0ff&page=1&viewtype=basic&category=top", "00:05:16", 7113, 65, 221, 19, "http://www.91porn.com/uprofile.php?UID=a518FUDkE4mcg4uVCiwdGLehNQnFwMlNPdBdOXcZuBec5o8EHg"),
	(815793, "母狗就应该被这样，疯狂4P轮流干她菊花 完整版看简界", "Oscar Zhang", "https://la3.killcovid2021.com/m3u8/815793/815793.m3u8", "https://img.91p51.com/thumb/815793.jpg", 1756, "http://www.91porn.com/view_video.php?viewkey=200919252&page=7&viewtype=basic&category=top", "00:06:18", 1045, 30, 50, 13, "http://www.91porn.com/uprofile.php?UID=1683vSpwjNZ9dFBxuuNs4YXEHOkVOUrTWZlZXJgH9OmfnLxk"),
	(815915, "“老公救我…” 真实广州绿帽男找黑人干自己老婆（完整版看间介）", "Don77", "https://la3.killcovid2021.com/m3u8/815915/815915.m3u8", "https://img.91p51.com/thumb/815915.jpg", 2376, "http://www.91porn.com/view_video.php?viewkey=36cb6adf0e108c5c9364&page=3&viewtype=basic&category=top", "00:05:09", 2043, 35, 73, 37, "http://www.91porn.com/uprofile.php?UID=67cfVun0c3RsThKn70oCBQAPiMXNMOhCEXEjhTTG7dBi4drg"),
	(815938, "02年大奶模特学妹浴缸乳交后女上位操胸型无敌。", "锅锅酱", "https://la3.killcovid2021.com/m3u8/815938/815938.m3u8", "https://img.91p51.com/thumb/815938.jpg", 3186, "http://www.91porn.com/view_video.php?viewkey=75ae7b0b71a967210556&page=3&viewtype=basic&category=top", "00:11:42", 3455, 57, 139, 14, "http://www.91porn.com/uprofile.php?UID=ef5103jHUaEm6ADUOmfgsAEiiMsVCQQv5wNXQm39vPxTQPwemQ"),
	(816004, "第二次和男友通话（约啪看简界）", "LovELolita", "https://la3.killcovid2021.com/m3u8/816004/816004.m3u8", "https://img.91p51.com/thumb/816004.jpg", 2434, "http://www.91porn.com/view_video.php?viewkey=fbbdde816cfe61a93662&page=3&viewtype=basic&category=top", "00:13:46", 2685, 38, 99, 15, "http://www.91porn.com/uprofile.php?UID=f00bqIPQHAEBS7LsJIIrLFOmDAzb4hXKGT6oGewgEJEMC4ov"),
	(816059, "自“绿”到极致的换妻现场，多棒挑战【完整版88分钟已上传简 介】", "约啪教父", "https://la3.killcovid2021.com/m3u8/816059/816059.m3u8", "https://img.91p51.com/thumb/816059.jpg", 2456, "http://www.91porn.com/view_video.php?viewkey=1986489115&page=4&viewtype=basic&category=top", "00:06:26", 2482, 41, 87, 11, "http://www.91porn.com/uprofile.php?UID=1c3cVU8ytdbULgabdiqj5faJdkAXWj93IheGvdsHfAOmDFlJxw"),
	(816377, "女同带自己女友约单男 全程舔交合处 让女友爽歪歪 完整版看间介）", "Don77", "https://la3.killcovid2021.com/m3u8/816377/816377.m3u8", "https://img.91p51.com/thumb/816377.jpg", 2165, "http://www.91porn.com/view_video.php?viewkey=006783d67a07ec5866f6&page=4&viewtype=basic&category=top", "00:07:44", 2924, 35, 96, 2, "http://www.91porn.com/uprofile.php?UID=b176QI06J48elQrqFc2hBCVHmWC4IL1FkLacuIamGRFQkBNT"),
	(816386, "22岁小姐姐PSA初体验享受私处保养的特【完整版78分钟已上传下面】", "91刘先生", "https://la3.killcovid2021.com/m3u8/816386/816386.m3u8", "https://img.91p51.com/thumb/816386.jpg", 2270, "http://www.91porn.com/view_video.php?viewkey=0dbe2267ff64093accc8&page=7&viewtype=basic&category=top", "00:38:32", 2237, 17, 64, 13, "https://www.91porn.com/uprofile.php?UID=c2b6Tp3ejq5B7vYMEW1hcnD91jWLecZhzv3JLsprrgBYgmWKQw"),
	(816407, "“好舒服呀，骚逼好欠操”主页已更新(完整版看间芥)", "春江花月夜吧", "https://la3.killcovid2021.com/m3u8/816407/816407.m3u8", "https://img.91p51.com/thumb/816407.jpg", 1872, "http://www.91porn.com/view_video.php?viewkey=ed5702be18b26a4ec506&page=10&viewtype=basic&category=top", "00:07:01", 1661, 18, 58, 9, "http://www.91porn.com/uprofile.php?UID=5bafSSWLPHMEY5SBnnjLxP1Bo3dYMsIgvhsZJmy90DTBO3JSPw"),
	(816746, "约啪南京医学院大三学妹操到高潮迭起【完整版67分钟已上传下面】", "91刘先生", "https://la3.killcovid2021.com/m3u8/816746/816746.m3u8", "https://img.91p51.com/thumb/816746.jpg", 2607, "http://www.91porn.com/view_video.php?viewkey=0addfd9367f0ce4014e4&page=4&viewtype=basic&category=top", "00:24:45", 3656, 28, 89, 16, "https://www.91porn.com/uprofile.php?UID=c2b6Tp3ejq5B7vYMEW1hcnD91jWLecZhzv3JLsprrgBYgmWKQw"),
	(816848, "Awesome Gaoyan G-cup certain music anchor and the sex video of the big guy (scroll down for the full version to see the intermediary)", "Don77", "https://la3.killcovid2021.com/m3u8/816848/816848.m3u8", "https://img.91p51.com/thumb/816848.jpg", 3874, "http://www.91porn.com/view_video.php?viewkey=7473c66c7bd897f5c44c&page=1&viewtype=basic&category=top", "00:05:42", 4685, 62, 142, 6, "http://www.91porn.com/uprofile.php?UID=e62ao2QRRmrY2TTzl2sgtHmKo5jccyvHNTBvV4lgUxNFwrqA"),
	(816860, "有些女的外表贤妻良母！私下换妻四人淫乱【完整版89分钟已上传下面】", "91刘先生", "https://la3.killcovid2021.com/m3u8/816860/816860.m3u8", "https://img.91p51.com/thumb/816860.jpg", 2543, "http://www.91porn.com/view_video.php?viewkey=a6773d758bade8564907&page=3&viewtype=basic&category=top", "00:40:04", 2794, 48, 134, 22, "https://www.91porn.com/uprofile.php?UID=c2b6Tp3ejq5B7vYMEW1hcnD91jWLecZhzv3JLsprrgBYgmWKQw"),
	(816870, "02年美乳模特学妹浴缸做爱后续，主页已更新最新", "锅锅酱", "https://la3.killcovid2021.com/m3u8/816870/816870.m3u8", "https://img.91p51.com/thumb/816870.jpg", 3124, "http://www.91porn.com/view_video.php?viewkey=7266fe50e5d759c41194&page=3&viewtype=basic&category=top", "00:12:15", 4178, 84, 162, 9, "http://www.91porn.com/uprofile.php?UID=e807QvnMCN3IFfzAnSESu7D1gfU9iIrU08n3nrz8jC4T0uZC5g"),
	(817257, "谁能拒绝穿姨妈裙的御姐在身上扭来扭去 （完整版看间介）", "Don77", "https://la3.killcovid2021.com/m3u8/817257/817257.m3u8", "https://img.91p51.com/thumb/817257.jpg", 3303, "http://www.91porn.com/view_video.php?viewkey=58cf1916929b21758cdc&page=2&viewtype=basic&category=top", "00:05:05", 4353, 85, 134, 6, "http://www.91porn.com/uprofile.php?UID=07a6o5HWACtYEy0pOlxlAKby52j6hrvQ77sfnFzPgDkF7gFt"),
	(817308, "某音g杯女主播与榜一大哥性爱视频第二弹（完整版看间介）", "Don77", "https://la3.killcovid2021.com/m3u8/817308/817308.m3u8", "https://img.91p51.com/thumb/817308.jpg", 2310, "http://www.91porn.com/view_video.php?viewkey=1fcf0810801df4782320&page=4&viewtype=basic&category=top", "00:09:28", 3249, 22, 92, 10, "http://www.91porn.com/uprofile.php?UID=4c71X0E89lWiyuZXAkWe52J6dCXafs0uX9OEPlW3IrQWI40U"),
	(817335, "精彩对白！大三学妹来找玩游戏被直接推倒操【完整版99分钟已上传下面】", "91刘先生", "https://la3.killcovid2021.com/m3u8/817335/817335.m3u8", "https://img.91p51.com/thumb/817335.jpg", 1786, "http://www.91porn.com/view_video.php?viewkey=659e847b2c021cb6dc5e&page=10&viewtype=basic&category=top", "00:39:18", 1674, 20, 45, 6, "https://www.91porn.com/uprofile.php?UID=c2b6Tp3ejq5B7vYMEW1hcnD91jWLecZhzv3JLsprrgBYgmWKQw"),
	(817362, "天然白虎，隆起阴户绝美露脸的神级炮架【完整版88分钟已上传简 介】", "91刘先生", "https://la3.killcovid2021.com/m3u8/817362/817362.m3u8", "https://img.91p51.com/thumb/817362.jpg", 3298, "http://www.91porn.com/view_video.php?viewkey=625280930&page=2&viewtype=basic&category=top", "00:10:10", 4300, 39, 109, 19, "https://www.91porn.com/uprofile.php?UID=c2b6Tp3ejq5B7vYMEW1hcnD91jWLecZhzv3JLsprrgBYgmWKQw"),
	(817389, "经典重温，91大神稀缺资源，男人的女神（完整版看简界）", "AC2023", "https://la3.killcovid2021.com/m3u8/817389/817389.m3u8", "https://img.91p51.com/thumb/817389.jpg", 1572, "http://www.91porn.com/view_video.php?viewkey=b98a2d80004d570ad786&page=7&viewtype=basic&category=top", "00:03:55", 1394, 145, 50, 18, "http://www.91porn.com/uprofile.php?UID=d11bL6xobxzk7OhV3T4iI57tU9DdOGqTTHY6ekSUNnKOTeiU"),
	(817399, "眼镜妹YYDS，高清典藏黑丝露脸第一弹【全套完整版已上传简 介】", "91刘先生", "https://la3.killcovid2021.com/m3u8/817399/817399.m3u8", "https://img.91p51.com/thumb/817399.jpg", 2083, "http://www.91porn.com/view_video.php?viewkey=816065154&page=7&viewtype=basic&category=top", "00:34:58", 3768, 28, 111, 11, "https://www.91porn.com/uprofile.php?UID=c2b6Tp3ejq5B7vYMEW1hcnD91jWLecZhzv3JLsprrgBYgmWKQw"),
	(817473, "强制按在床上，被后入内射到抽搐翻白眼！【完整版39分钟已上传简 介】", "约啪教父", "https://la3.killcovid2021.com/m3u8/817473/817473.m3u8", "https://img.91p51.com/thumb/817473.jpg", 1878, "http://www.91porn.com/view_video.php?viewkey=c671c58285e3ad62ff6e&page=10&viewtype=basic&category=top", "00:04:17", 1538, 18, 54, 15, "http://www.91porn.com/uprofile.php?UID=0b11x7eZJYg3vRDLVzFgjDjAtQIA927eXpAHuGHOGBBUmaPeTA"),
	(817477, "足浴嫖客不讲伍德，拍下来了，真是极品(完整版看间芥)", "春江花月夜吧", "https://la3.killcovid2021.com/m3u8/817477/817477.m3u8", "https://img.91p51.com/thumb/817477.jpg", 2649, "http://www.91porn.com/view_video.php?viewkey=1532370505&page=4&viewtype=basic&category=top", "00:32:17", 2204, 11, 89, 12, "http://www.91porn.com/uprofile.php?UID=f59eC8afCkrnDh7q371EfHUqJ2ZW2JeN2WMClgz4Z4kf933BbQ"),
	(817507, "舞蹈学院美女长得好看！逼受罪 屁眼逃不掉【完整版59分钟已上传下面】", "91刘先生", "https://la3.killcovid2021.com/m3u8/817507/817507.m3u8", "https://img.91p51.com/thumb/817507.jpg", 3029, "http://www.91porn.com/view_video.php?viewkey=2bb52b3bb392f20fa642&page=3&viewtype=basic&category=top", "00:21:42", 4032, 35, 126, 18, "https://www.91porn.com/uprofile.php?UID=c2b6Tp3ejq5B7vYMEW1hcnD91jWLecZhzv3JLsprrgBYgmWKQw"),
	(817765, "躺着这个姿势被干，谁能扛住两分钟呢？（完整版看间介）", "Don77", "https://la3.killcovid2021.com/m3u8/817765/817765.m3u8", "https://img.91p51.com/thumb/817765.jpg", 1788, "http://www.91porn.com/view_video.php?viewkey=2163dc0fbfe2e6dcd4da&page=7&viewtype=basic&category=top", "00:09:05", 3098, 17, 116, 9, "http://www.91porn.com/uprofile.php?UID=1bd8WGlaitHGjMsceAbj1poIi4EfwTkB9dxdgqa5StnE7VOq"),
	(817806, "无套！很润！多视角完整31分！限时福利！", "我叫山雞雞巴的雞", "https://la3.killcovid2021.com/m3u8/817806/817806.m3u8", "https://img.91p51.com/thumb/817806.jpg", 1825, "http://www.91porn.com/view_video.php?viewkey=bf0bb8747c0d01577bfe&page=10&viewtype=basic&category=top", "00:31:16", 2235, 36, 117, 6, "http://www.91porn.com/uprofile.php?UID=72f7ROrAotMgmcKagRw4uYP2jFRT2WNN5Fh4FuFAon7ufkir4w"),
	(817833, "送熟女老板娘回家在车上被她玩了...阿姨就是骚（完整版看间界）", "91小帅BBB", "https://la3.killcovid2021.com/m3u8/817833/817833.m3u8", "https://img.91p51.com/thumb/817833.jpg", 2354, "http://www.91porn.com/view_video.php?viewkey=1270031224&page=4&viewtype=basic&category=top", "00:23:09", 2158, 28, 73, 16, "http://www.91porn.com/uprofile.php?UID=f088jhp42jDcZRB6eBzrf9XANw0xUF8SEvNQZSHd0hn0hqCk"),
	(817892, "纯欲风拉满！男友终于忍不住操了她！【完整版43分钟已上传简 介】", "91刘先生", "https://la3.killcovid2021.com/m3u8/817892/817892.m3u8", "https://img.91p51.com/thumb/817892.jpg", 2405, "http://www.91porn.com/view_video.php?viewkey=001016db99098e766de0&page=4&viewtype=basic&category=top", "00:27:55", 2803, 46, 63, 15, "https://www.91porn.com/uprofile.php?UID=c2b6Tp3ejq5B7vYMEW1hcnD91jWLecZhzv3JLsprrgBYgmWKQw"),
	(817901, "完美身材！敏感体质，轻轻插入淫水直流【完整版28分钟已上传下面】", "91刘先生", "https://la3.killcovid2021.com/m3u8/817901/817901.m3u8", "https://img.91p51.com/thumb/817901.jpg", 2919, "http://www.91porn.com/view_video.php?viewkey=e4b69891ba81895f3eaf&page=2&viewtype=basic&category=top", "00:17:52", 4073, 45, 89, 10, "https://www.91porn.com/uprofile.php?UID=c2b6Tp3ejq5B7vYMEW1hcnD91jWLecZhzv3JLsprrgBYgmWKQw"),
	(817923, "炮弹大奶半框眼镜丝袜淫语向沉迷做爱【完整版38分钟已上传简 介】", "约啪教父", "https://la3.killcovid2021.com/m3u8/817923/817923.m3u8", "https://img.91p51.com/thumb/817923.jpg", 4034, "http://www.91porn.com/view_video.php?viewkey=b0adc8872beb6ce40ff1&page=2&viewtype=basic&category=top", "00:04:20", 3462, 96, 104, 13, "http://www.91porn.com/uprofile.php?UID=dca66tYZI5glwgmlgadIbzmujU9IR0SBsYqMbhMiZZNnumSZSw"),
	(817964, "白虎女爱上大屌洋外教！被SM捆绑  掐脖【完整版99分钟已上传下面】", "91刘先生", "https://la3.killcovid2021.com/m3u8/817964/817964.m3u8", "https://img.91p51.com/thumb/817964.jpg", 1672, "http://www.91porn.com/view_video.php?viewkey=96b45718852fd23ad3f2&page=10&viewtype=basic&category=top", "00:59:13", 2079, 15, 65, 12, "https://www.91porn.com/uprofile.php?UID=c2b6Tp3ejq5B7vYMEW1hcnD91jWLecZhzv3JLsprrgBYgmWKQw"),
	(818150, "“我求你停又高潮了”（此女还有18部完整版每部70分钟已上传下面平台", "91刘先生", "https://la3.killcovid2021.com/m3u8/818150/818150.m3u8", "https://img.91p51.com/thumb/818150.jpg", 1751, "http://www.91porn.com/view_video.php?viewkey=8ecee3f28c7faec69c1b&page=10&viewtype=basic&category=top", "00:57:34", 2335, 16, 53, 4, "https://www.91porn.com/uprofile.php?UID=c2b6Tp3ejq5B7vYMEW1hcnD91jWLecZhzv3JLsprrgBYgmWKQw"),
	(818199, "“你为什么那么喜欢看我屁眼啊”（完整版看间界）", "狮子座Walker", "https://la3.killcovid2021.com/m3u8/818199/818199.m3u8", "https://img.91p51.com/thumb/818199.jpg", 3436, "http://www.91porn.com/view_video.php?viewkey=d67444a64d9666aa5891&page=2&viewtype=basic&category=top", "00:07:19", 2718, 57, 88, 15, "http://www.91porn.com/uprofile.php?UID=7591HJV8xd3eBfUrYVGG3Dw6XoWa1SpcO27a1UOcwuMOWhgr"),
	(818227, "（最新作品）大鸡巴后入18岁翘臀学妹", "我爱吃果肉果冻", "https://la3.killcovid2021.com/m3u8/818227/818227.m3u8", "https://img.91p51.com/thumb/818227.jpg", 2138, "http://www.91porn.com/view_video.php?viewkey=977771957&page=7&viewtype=basic&category=top", "00:10:03", 2222, 40, 107, 9, "http://www.91porn.com/uprofile.php?UID=de377VuVB20ljhazOIK5HMb0wFtmAFM4SWkCMSKbUxHZXdwrxQ"),
	(818723, "You still know that you are sorry for your husband, so you still come and resist Nima (scroll down to see the world for the full version)", "狮子座Walker", "https://la3.killcovid2021.com/m3u8/818723/818723.m3u8", "https://img.91p51.com/thumb/818723.jpg", 5283, "http://www.91porn.com/view_video.php?viewkey=2059209669&page=1&viewtype=basic&category=top", "00:15:26", 3501, 120, 185, 19, "http://www.91porn.com/uprofile.php?UID=9ace1rVG2rJyvA9Ry1XywF8Pkdmnymx1Rk5yveXoRwoUIoR0"),
	(818779, "舞蹈学院牛仔裤妹子强上男友！主动女上位【完整版69分钟已上传下面】", "91刘先生", "https://la3.killcovid2021.com/m3u8/818779/818779.m3u8", "https://img.91p51.com/thumb/818779.jpg", 2051, "http://www.91porn.com/view_video.php?viewkey=7d7bf3cc67ff672d2b5f&page=7&viewtype=basic&category=top", "00:21:24", 2041, 22, 56, 8, "https://www.91porn.com/uprofile.php?UID=c2b6Tp3ejq5B7vYMEW1hcnD91jWLecZhzv3JLsprrgBYgmWKQw"),
	(818802, "91大神超长经典视频，健身房勾引双飞两个阿姨（完整版看简界）", "AC2023", "https://la3.killcovid2021.com/m3u8/818802/818802.m3u8", "https://img.91p51.com/thumb/818802.jpg", 1557, "http://www.91porn.com/view_video.php?viewkey=229693640&page=10&viewtype=basic&category=top", "00:55:22", 1444, 5, 43, 6, "http://www.91porn.com/uprofile.php?UID=56a57XvjmNyjILGnIEz6mj9SfoiIyGyqxR2Fkt5p7ZKt17nM"),
	(818803, "02年jk眼镜妹妹太骚了，反差小母狗！（完整版看间界）", "91小帅BBB", "https://la3.killcovid2021.com/m3u8/818803/818803.m3u8", "https://img.91p51.com/thumb/818803.jpg", 3710, "http://www.91porn.com/view_video.php?viewkey=364204418&page=2&viewtype=basic&category=top", "00:26:46", 3842, 34, 95, 20, "http://www.91porn.com/uprofile.php?UID=59e5Z69Edtrt1H0pwpOJr4DrAqzMz8xne4ki0ezYQKCe9k5S"),
	(818885, "大量斯文禽兽对白！文化越高玩得越骚！【完整版239分钟已上传简 介】", "91刘先生", "https://la3.killcovid2021.com/m3u8/818885/818885.m3u8", "https://img.91p51.com/thumb/818885.jpg", 2762, "http://www.91porn.com/view_video.php?viewkey=d58eaa2a237b433c2650&page=3&viewtype=basic&category=top", "01:34:37", 2913, 50, 97, 19, "https://www.91porn.com/uprofile.php?UID=c2b6Tp3ejq5B7vYMEW1hcnD91jWLecZhzv3JLsprrgBYgmWKQw"),
	(818923, "“好大好粗好喜欢！”露脸御姐终于放下身段【完整版92分钟已上传简 介", "约啪教父", "https://la3.killcovid2021.com/m3u8/818923/818923.m3u8", "https://img.91p51.com/thumb/818923.jpg", 2191, "http://www.91porn.com/view_video.php?viewkey=3a38c15337220629e410&page=7&viewtype=basic&category=top", "00:04:41", 2335, 38, 61, 5, "http://www.91porn.com/uprofile.php?UID=d8827PjVM7xQSis24NyN7vjMA6UoKZIUBXEvU7XxU1s2tkq70w"),
	(819003, "母狗上夜班在值班室被主人灌满，内射的那一刻护士呼叫", "RuiABL", "https://la3.killcovid2021.com/m3u8/819003/819003.m3u8", "https://img.91p51.com/thumb/819003.jpg", 1670, "http://www.91porn.com/view_video.php?viewkey=dcff11558400a27fdcc3&page=7&viewtype=basic&category=top", "00:02:26", 1683, 54, 101, 6, "http://www.91porn.com/uprofile.php?UID=218707LrwEN3dhR4FVVCcDaxhW407hlnZwhj7AbdSYehx1VVgg"),
	(819149, "你再内射，我就跟你分手，也不能天天吃药啊！（完整版看间界）", "狮子座Walker", "https://la3.killcovid2021.com/m3u8/819149/819149.m3u8", "https://img.91p51.com/thumb/819149.jpg", 6013, "http://www.91porn.com/view_video.php?viewkey=09b19422974a0c5fb689&page=1&viewtype=basic&category=top", "00:13:11", 3350, 184, 125, 37, "http://www.91porn.com/uprofile.php?UID=e2bfgbrzSrhbNmcvLQ9O92kAHOVsG3gg7nYYPkzs78mJ8JHN"),
	(819504, "女友的大奶小网红闺蜜欠操脸让我日思夜想两年", "a958149338", "https://la3.killcovid2021.com/m3u8/819504/819504.m3u8", "https://img.91p51.com/thumb/819504.jpg", 3952, "http://www.91porn.com/view_video.php?viewkey=51b8a176436b22f00d67&page=2&viewtype=basic&category=top", "00:08:21", 2989, 104, 93, 30, "http://www.91porn.com/uprofile.php?UID=3549mTrtXg8MM9gSzx6qgrDY3H4H6Uu5OZpFjUkRqtCSgJpF"),
	(819582, "穿这么骚来我家，嘴上却说不想要？怎么那么反差（完整版看间界）", "狮子座Walker", "https://la3.killcovid2021.com/m3u8/819582/819582.m3u8", "https://img.91p51.com/thumb/819582.jpg", 2789, "http://www.91porn.com/view_video.php?viewkey=be9c8cb0ba977328b3a6&page=4&viewtype=basic&category=top", "00:16:49", 1820, 57, 91, 21, "http://www.91porn.com/uprofile.php?UID=a589A67pkIr401WmBldrwa2Qp4M7PPlOSVrvcBxAIUrznKca"),
	(819724, "操的太猛了 导致学妹的嫩穴半天都合不拢", "我爱吃果肉果冻", "https://la3.killcovid2021.com/m3u8/819724/819724.m3u8", "https://img.91p51.com/thumb/819724.jpg", 4250, "http://www.91porn.com/view_video.php?viewkey=109029259&page=2&viewtype=basic&category=top", "00:08:59", 3194, 113, 177, 16, "http://www.91porn.com/uprofile.php?UID=86e4UsTZTWwD8LY9ODPocUbQsPJaNNW0roDqJKLSuuq6sRFxHw"),
	(819780, "You can only get it if you drive a Civic with a guylike face and big breasts... ready to sell the car for a Civic (scroll down for the full version to see the intermediary)", "Don77", "https://la3.killcovid2021.com/m3u8/819780/819780.m3u8", "https://img.91p51.com/thumb/819780.jpg", 3669, "http://www.91porn.com/view_video.php?viewkey=b7ab3f473713f9104ee5&page=1&viewtype=basic&category=top", "00:12:08", 5114, 101, 126, 23, "http://www.91porn.com/uprofile.php?UID=a0a64h6ZexF7RTMuyxgWY16syzF5AAtzbbGQyLEkJI9cohEJ"),
	(819888, "片尾第一视角！超骚对白！妹子说男生鸡巴好【完整版54分钟已上传下面】", "91刘先生", "https://la3.killcovid2021.com/m3u8/819888/819888.m3u8", "https://img.91p51.com/thumb/819888.jpg", 3420, "http://www.91porn.com/view_video.php?viewkey=2e6e20d25bd47b067ab7&page=2&viewtype=basic&category=top", "00:04:53", 3784, 54, 108, 13, "https://www.91porn.com/uprofile.php?UID=c2b6Tp3ejq5B7vYMEW1hcnD91jWLecZhzv3JLsprrgBYgmWKQw"),
	(820134, "逆天的反差，一直反抗，插进去一会自己自慰了起来，反差母狗，意犹未尽！", "pprlv", "https://la3.killcovid2021.com/m3u8/820134/820134.m3u8", "https://img.91p51.com/thumb/820134.jpg", 2887, "http://www.91porn.com/view_video.php?viewkey=8ebc07fafbcfdb8a3c27&page=4&viewtype=basic&category=top", "00:07:25", 1666, 67, 62, 16, "http://www.91porn.com/uprofile.php?UID=dfabLQaagPzoic1Xjqj3RYg7TeEBBRTXRXilgy25TXqnLFXxVQ"),
	(820264, "维吾尔族极品校花和大学男友泄露(完整版看间芥）", "春江花月夜吧", "https://la3.killcovid2021.com/m3u8/820264/820264.m3u8", "https://img.91p51.com/thumb/820264.jpg", 2707, "http://www.91porn.com/view_video.php?viewkey=0d0ff8bc19a25750efb8&page=4&viewtype=basic&category=top", "00:10:21", 3645, 40, 94, 14, "http://www.91porn.com/uprofile.php?UID=0d5bmuwYk2Y4uuq4G3CsoH9NqpLccPTiNWiUraHpHpJeYfD6xw"),
	(820719, "A collection of high-energy mixed-cut collections of lascivious and beautiful butt foreign students, a must for jerk off, too horny (see Jianjie for the full version)", "3250322527", "https://la3.killcovid2021.com/m3u8/820719/820719.m3u8", "https://img.91p51.com/thumb/820719.jpg", 3980, "http://www.91porn.com/view_video.php?viewkey=974313527&page=1&viewtype=basic&category=top", "00:14:08", 2687, 57, 109, 63, "http://www.91porn.com/uprofile.php?UID=27f6L463pkZzYoEn4YaNb04EQxW9SEznW9ekLL3JrzKsoYRekA"),
	(820720, "Shandong couples are not used to exchanging wives for the first time", "91刘先生", "https://la3.killcovid2021.com/m3u8/820720/820720.m3u8", "https://img.91p51.com/thumb/820720.jpg", 3783, "http://www.91porn.com/view_video.php?viewkey=6c552d587acb71f6e02a&page=1&viewtype=basic&category=top", "00:24:30", 1327, 49, 82, 128, "https://www.91porn.com/uprofile.php?UID=c2b6Tp3ejq5B7vYMEW1hcnD91jWLecZhzv3JLsprrgBYgmWKQw"),
	(820775, "某说唱歌手就是rael 和粉丝线下约炮全程露脸 完整版看间介接", "Don77", "https://la3.killcovid2021.com/m3u8/820775/820775.m3u8", "https://img.91p51.com/thumb/820775.jpg", 4497, "http://www.91porn.com/view_video.php?viewkey=6a01a4aa9b1deda8cbd9&page=1&viewtype=basic&category=top", "00:10:33", 6051, 81, 171, 17, "http://www.91porn.com/uprofile.php?UID=1ed4pLeOIFBBsK5y3ko6fT6uJLFvWlrVyOMHXnXgkaQRNyb3"),
	(820800, "音乐学校极品校花级别女神无套被干", "春江花月夜吧", "https://la3.killcovid2021.com/m3u8/820800/820800.m3u8", "https://img.91p51.com/thumb/820800.jpg", 1616, "http://www.91porn.com/view_video.php?viewkey=444e7afb067ee74285a4&page=10&viewtype=basic&category=top", "00:05:05", 2473, 15, 80, 7, "http://www.91porn.com/uprofile.php?UID=dc8dLYDPHHjXiq9Dr4z4cc0LROOYMisDsWrBdcFHuiZ1W6MpFQ"),
	(820822, "健身房认识的阿姨真饥渴，蜜桃臀太骚了！（完整版看间界）", "91小帅BBB", "https://la3.killcovid2021.com/m3u8/820822/820822.m3u8", "https://img.91p51.com/thumb/820822.jpg", 1682, "http://www.91porn.com/view_video.php?viewkey=5098801f4975c23cf327&page=10&viewtype=basic&category=top", "00:09:25", 1598, 17, 43, 12, "http://www.91porn.com/uprofile.php?UID=aebcGjEtg4aYbG2hT47ZzjwUq0roQ8Qpm5lacfmCtGGmirJU"),
	(820920, "又来一次通话做爱，太刺激了", "LovELolita", "https://la3.killcovid2021.com/m3u8/820920/820920.m3u8", "https://img.91p51.com/thumb/820920.jpg", 2859, "http://www.91porn.com/view_video.php?viewkey=19e8f6d959ddee96f215&page=2&viewtype=basic&category=top", "00:07:54", 2227, 69, 97, 14, "http://www.91porn.com/uprofile.php?UID=3d55McTxEVpKpYKFK4SjV5RyZ8J0Aw2Vkej7PaFcAmzt9Pn6"),
	(821131, "窗前露出对面体校男生宿舍", "91小腰精", "https://la3.killcovid2021.com/m3u8/821131/821131.m3u8", "https://img.91p51.com/thumb/821131.jpg", 3580, "http://www.91porn.com/view_video.php?viewkey=6428633&page=2&viewtype=basic&category=top", "00:10:10", 3907, 115, 124, 22, "http://www.91porn.com/uprofile.php?UID=33d42pCDqFqMzKckpKjOcU5JSz2CHiYzmqMgi2vaM7RMEBdtKw"),
	(821171, "经典露脸淫妻！操着突然她老公还来电话了刺激！（完整版看简界）", "AC2023", "https://la3.killcovid2021.com/m3u8/821171/821171.m3u8", "https://img.91p51.com/thumb/821171.jpg", 2416, "http://www.91porn.com/view_video.php?viewkey=597ec093dbee356be34b&page=3&viewtype=basic&category=top", "00:24:29", 3740, 38, 109, 18, "http://www.91porn.com/uprofile.php?UID=4d3b38rxTIBlEHB9kAGg66GMmfymu8PsQQFLK65vnDh3qOf1"),
	(821237, "找到御姐型女友！就要做好被榨干的准备【完整版58分钟已上传下面】", "91刘先生", "https://la3.killcovid2021.com/m3u8/821237/821237.m3u8", "https://img.91p51.com/thumb/821237.jpg", 2004, "http://www.91porn.com/view_video.php?viewkey=7186f1b86b7976d9bd82&page=7&viewtype=basic&category=top", "00:28:11", 3363, 17, 83, 7, "https://www.91porn.com/uprofile.php?UID=c2b6Tp3ejq5B7vYMEW1hcnD91jWLecZhzv3JLsprrgBYgmWKQw"),
	(821261, "年轻真好，体育生开房连续两次内射无毛学妹【完整版39分钟已上传简 介", "91刘先生", "https://la3.killcovid2021.com/m3u8/821261/821261.m3u8", "https://img.91p51.com/thumb/821261.jpg", 2399, "http://www.91porn.com/view_video.php?viewkey=7ae009f954ed5e0149ed&page=4&viewtype=basic&category=top", "00:17:45", 3128, 23, 81, 16, "https://www.91porn.com/uprofile.php?UID=c2b6Tp3ejq5B7vYMEW1hcnD91jWLecZhzv3JLsprrgBYgmWKQw"),
	(821279, "聚餐回来直接被我强推干翻，挣扎也无用(续集已更)", "UUS1980", "https://la3.killcovid2021.com/m3u8/821279/821279.m3u8", "https://img.91p51.com/thumb/821279.jpg", 3491, "http://www.91porn.com/view_video.php?viewkey=43ecddbef1a94d7e105e&page=2&viewtype=basic&category=top", "00:04:31", 2204, 50, 85, 16, "http://www.91porn.com/uprofile.php?UID=c3097BI7rydkWEJjtdB5Dyizwz46vhYPMrtMJdJavtSHFycAvw"),
	(821285, "“别拍啦！我老公看到了不好！”出轨人妻【完整版27分钟已上传简 介】", "91刘先生", "https://la3.killcovid2021.com/m3u8/821285/821285.m3u8", "https://img.91p51.com/thumb/821285.jpg", 1917, "http://www.91porn.com/view_video.php?viewkey=979612233&page=7&viewtype=basic&category=top", "00:02:28", 3683, 36, 81, 10, "https://www.91porn.com/uprofile.php?UID=c2b6Tp3ejq5B7vYMEW1hcnD91jWLecZhzv3JLsprrgBYgmWKQw"),
	(821724, "续集极品露脸神仙颜值，人小咪咪大，尤物", "春江花月夜吧", "https://la3.killcovid2021.com/m3u8/821724/821724.m3u8", "https://img.91p51.com/thumb/821724.jpg", 2590, "http://www.91porn.com/view_video.php?viewkey=b2aa108d1822f62ca660&page=3&viewtype=basic&category=top", "00:04:12", 4133, 59, 131, 11, "http://www.91porn.com/uprofile.php?UID=2847FD0lltp80pvMaSOVik5OYMozPuPrv4SyR47apTUrEWQfpA"),
	(821730, "Returning to part2, the sequel with big breasts and cuter is coming", "91探花李寻欢", "https://la3.killcovid2021.com/m3u8/821730/821730.m3u8", "https://img.91p51.com/thumb/821730.jpg", 4342, "http://www.91porn.com/view_video.php?viewkey=c75a9e35cf7ce0c6555c&page=1&viewtype=basic&category=top", "00:05:37", 4775, 115, 153, 21, "http://www.91porn.com/uprofile.php?UID=d4d7kKz7CUiy15cPVn4UuCHNENpKLm3uQh18Fh3qj6bF8igDMg"),
	(821733, "这个表情太骚了，第一次吃精液的样子太可爱了！（完整版看间界）", "91小帅BBB", "https://la3.killcovid2021.com/m3u8/821733/821733.m3u8", "https://img.91p51.com/thumb/821733.jpg", 1941, "http://www.91porn.com/view_video.php?viewkey=b6fe14841aa6d6e8f04f&page=7&viewtype=basic&category=top", "00:07:36", 2797, 18, 61, 7, "http://www.91porn.com/uprofile.php?UID=12a2nYGO4dE1rNI90XQdZ9c2Oj9LL8EFXfTIB45oZ1RHRh3G"),
	(821741, "经典露脸母狗，韩国女明星被调教变母狗！（完整版看简界）", "AC2023", "https://la3.killcovid2021.com/m3u8/821741/821741.m3u8", "https://img.91p51.com/thumb/821741.jpg", 2668, "http://www.91porn.com/view_video.php?viewkey=17152e237d69220baaf4&page=3&viewtype=basic&category=top", "00:13:21", 3912, 28, 111, 17, "http://www.91porn.com/uprofile.php?UID=6865Ck7rnGOHtoJxI4zMLvuy16uw749ZvXrvi2GPIzW5I5PI"),
	(821922, "23岁美女小姐姐终于推倒了", "91刘先生", "https://la3.killcovid2021.com/m3u8/821922/821922.m3u8", "https://img.91p51.com/thumb/821922.jpg", 2267, "http://www.91porn.com/view_video.php?viewkey=56fefd5d3d3fd6282dea&page=7&viewtype=basic&category=top", "00:28:48", 1736, 18, 46, 8, "https://www.91porn.com/uprofile.php?UID=c2b6Tp3ejq5B7vYMEW1hcnD91jWLecZhzv3JLsprrgBYgmWKQw"),
	(822034, "这么反差谁都会忍不住多射几次啊！裤里丝太性感了，大量骚话冒出", "pprlv", "https://la3.killcovid2021.com/m3u8/822034/822034.m3u8", "https://img.91p51.com/thumb/822034.jpg", 2014, "http://www.91porn.com/view_video.php?viewkey=fadc4bffca0a2dafdc3c&page=10&viewtype=basic&category=top", "00:09:31", 1267, 16, 39, 8, "http://www.91porn.com/uprofile.php?UID=7926kJBhM0YWW10uLiU37rk5tQ2QollmjLh2kgNoj3rRORMuyg"),
	(822099, "隐藏在牛仔裤里的大白屁股真的太诱人  撸管必备", "棒棒糖先生", "https://la3.killcovid2021.com/m3u8/822099/822099.m3u8", "https://img.91p51.com/thumb/822099.jpg", 3088, "http://www.91porn.com/view_video.php?viewkey=3bceb7ad2fedf449b672&page=3&viewtype=basic&category=top", "00:13:45", 3453, 61, 132, 12, "http://www.91porn.com/uprofile.php?UID=4218XTHqmd2gy2WZd0yJsPjEO7AT6MhGmBKkwYisDXDg2GEmIA"),
	(822173, "【鹿苑新作】“骚货自己录下来自己被操喷的瞬间”", "jmd106461", "https://la3.killcovid2021.com/m3u8/822173/822173.m3u8", "https://img.91p51.com/thumb/822173.jpg", 3057, "http://www.91porn.com/view_video.php?viewkey=1311919518&page=3&viewtype=basic&category=top", "00:06:23", 2155, 37, 63, 15, "http://www.91porn.com/uprofile.php?UID=187fLNhzDBxEXcMmrem3Og0KfWfMQdA69UmoaLUJohDScF52Tw"),
	(822289, "极品良家！上海相亲会认识的！【完整版35分钟已上传到下面简 介】", "91约炮渠道", "https://la3.killcovid2021.com/m3u8/822289/822289.m3u8", "https://img.91p51.com/thumb/822289.jpg", 4138, "http://www.91porn.com/view_video.php?viewkey=1614146597&page=2&viewtype=basic&category=top", "00:03:03", 3789, 97, 106, 23, "http://www.91porn.com/uprofile.php?UID=c5e4yJiuBCSA0maRx1V0JEnm5mokV2hJL5y3IE0ivic91hIgCA"),
	(822596, "完整版～3p极品双胞胎！姐姐还会喷水喔太爽了！（完整版看间界）", "91小帅BBB", "https://la3.killcovid2021.com/m3u8/822596/822596.m3u8", "https://img.91p51.com/thumb/822596.jpg", 2318, "http://www.91porn.com/view_video.php?viewkey=894347e0d0a1e58a5a28&page=7&viewtype=basic&category=top", "00:11:05", 2195, 27, 63, 7, "http://www.91porn.com/uprofile.php?UID=1dbdHX6KRwFv4S2Wlv8DzBQJRnigZuasnlCkSHur9egNTFxj"),
	(822643, "百万网红上帝视角点我主页看", "91探花李寻欢", "https://la3.killcovid2021.com/m3u8/822643/822643.m3u8", "https://img.91p51.com/thumb/822643.jpg", 3390, "http://www.91porn.com/view_video.php?viewkey=50df8af2f9d6e8ee2d3d&page=2&viewtype=basic&category=top", "00:05:22", 2468, 100, 120, 12, "http://www.91porn.com/uprofile.php?UID=927ecZ7bZfmFtFWCFlvuMHMG6P2Fm2qKcVVvDcP9cPKmZ51fGA"),
	(822644, "得此美妇，死而无憾。(完整无删版)", "春江花月夜吧", "https://la3.killcovid2021.com/m3u8/822644/822644.m3u8", "https://img.91p51.com/thumb/822644.jpg", 2518, "http://www.91porn.com/view_video.php?viewkey=e0327e95bb07eda7f186&page=3&viewtype=basic&category=top", "00:07:25", 3353, 35, 95, 11, "http://www.91porn.com/uprofile.php?UID=2c9e6MjFrv1mUgwGlJrZezqT7UwvE08wEB7DQ4u9oE5jUFVcbg"),
	(822756, "贱种~！已婚人妻！约炮居然这样作贱！【完整版63分钟已上传到简 介】", "91约炮渠道", "https://la3.killcovid2021.com/m3u8/822756/822756.m3u8", "https://img.91p51.com/thumb/822756.jpg", 2412, "http://www.91porn.com/view_video.php?viewkey=1004627343&page=4&viewtype=basic&category=top", "00:18:42", 2412, 53, 69, 6, "http://www.91porn.com/uprofile.php?UID=295blWN9P6Hc1HqR8bMVOqR6Ciem9qQAIX4GtW191XLCOUBPCg"),
	(822831, "撮合一对刚失恋男女！打炮来忘记各自的伤悲【完整版89分钟已上传下面】", "91刘先生", "https://la3.killcovid2021.com/m3u8/822831/822831.m3u8", "https://img.91p51.com/thumb/822831.jpg", 179804, "http://www.91porn.com/view_video.php?viewkey=5eb421f439d3ba204fc1&page=7&viewtype=basic&category=top", "00:46:51", 1800, 12, 40, 9, "https://www.91porn.com/uprofile.php?UID=c2b6Tp3ejq5B7vYMEW1hcnD91jWLecZhzv3JLsprrgBYgmWKQw"),
	(823026, "吃瓜！海底捞露出视频！是美丽性感的的阿朱喔（完整版看间界）", "91小帅BBB", "https://la3.killcovid2021.com/m3u8/823026/823026.m3u8", "https://img.91p51.com/thumb/823026.jpg", 312175, "http://www.91porn.com/view_video.php?viewkey=505f6b581c5da1912ed3&page=2&viewtype=basic&category=top", "00:07:23", 3286, 49, 104, 25, "http://www.91porn.com/uprofile.php?UID=0517TnSQfbxzIsLlhNuqhq83QXJmXGCrHJ1zfTUraSyCi583"),
	(823246, "jk whore girl &#39;s skirt was fucked hard before she had time to take off her skirt 【Introduction to the full version uploaded in 41 minutes】", "91刘先生", "https://la3.killcovid2021.com/m3u8/823246/823246.m3u8", "https://img.91p51.com/thumb/823246.jpg", 94807, "http://www.91porn.com/view_video.php?viewkey=3c05aa3a86659c806e75&c=t&viewtype=&category=", "00:29:59", 1739, 14, 45, 4, "https://www.91porn.com/uprofile.php?UID=c2b6Tp3ejq5B7vYMEW1hcnD91jWLecZhzv3JLsprrgBYgmWKQw"),
	(823317, "Dragon Rush up to 10 minutes", "two22", "https://la3.killcovid2021.com/m3u8/823317/823317.m3u8", "https://img.91p51.com/thumb/823317.jpg", 63656, "http://www.91porn.com/view_video.php?viewkey=3490ae8bbb999c8c71f1&c=t&viewtype=&category=", "00:10:21", 820, 16, 27, 3, "http://www.91porn.com/uprofile.php?UID=5714FSVOtqB8y7Gm64zZWqxLMgWsBL9XcaoqXFBtu9osFXuITw"),
	(823428, "Throw it there when the fuck reaches the climax, shake yourself, and enjoy your climax quietly (scroll down to see the world for the full version)", "狮子座Walker", "https://la3.killcovid2021.com/m3u8/823428/823428.m3u8", "https://img.91p51.com/thumb/823428.jpg", 147604, "http://www.91porn.com/view_video.php?viewkey=b6177b6d3c4d545f543a&c=t&viewtype=&category=", "00:10:32", 950, 23, 52, 8, "http://www.91porn.com/uprofile.php?UID=8968fnIGuJq1NpzdYbC7ZO43vUASSvzYZMO1FGEbI15eaM2B"),
	(823435, "Sweet and full of contrast freshman girl! moan Zhentian (see Jianjie for the full version)", "新加坡大鸟哥", "https://la3.killcovid2021.com/m3u8/823435/823435.m3u8", "https://img.91p51.com/thumb/823435.jpg", 67222, "http://www.91porn.com/view_video.php?viewkey=538daefc36e57b6d409a&c=t&viewtype=&category=", "00:05:02", 799, 4, 28, 1, "http://www.91porn.com/uprofile.php?UID=3a4f0qhLzdWVRGcWPFP2bx1pIcFzCcaRiZmg4ZAVgczO2kJSIw"),
	(823466, "The contrast is pure and sexy lady, she looks so cute eating chicken", "春江花月夜吧", "https://la3.killcovid2021.com/m3u8/823466/823466.m3u8", "https://img.91p51.com/thumb/823466.jpg", 146260, "http://www.91porn.com/view_video.php?viewkey=2f0b6c5dda68db49f7fd&c=t&viewtype=&category=", "00:04:42", 2068, 40, 70, 4, "http://www.91porn.com/uprofile.php?UID=dd53UiRdVm3z5U6CpkuQNZ7UywRVal4SnTTTQpKtGZkfzIS2Lw"),
	(823523, "So exciting! Cuckold plays with awesome kinky wife three-some! Stimulating scenes (see Jianjie for the full version)", "AC2023", "https://la3.killcovid2021.com/m3u8/823523/823523.m3u8", "https://img.91p51.com/thumb/823523.jpg", 82622, "http://www.91porn.com/view_video.php?viewkey=8b6124a83a0b5033aa84&c=t&viewtype=&category=", "00:13:02", 1582, 14, 64, 4, "http://www.91porn.com/uprofile.php?UID=64e4sR78Mv7qFCmqb773RWRbYaLUxrRUKb9fvdmOGE7egL2V"),
	(823529, "Sexy lady of Sichuan Institute of Media and Communication, whose private sex shoot was exposed by a scumbag [The full version has been uploaded below in 89 minutes]", "91刘先生", "https://la3.killcovid2021.com/m3u8/823529/823529.m3u8", "https://img.91p51.com/thumb/823529.jpg", 115114, "http://www.91porn.com/view_video.php?viewkey=a6bc252cd5ec39fc516e&c=t&viewtype=&category=", "00:14:35", 1910, 15, 43, 3, "https://www.91porn.com/uprofile.php?UID=c2b6Tp3ejq5B7vYMEW1hcnD91jWLecZhzv3JLsprrgBYgmWKQw"),
	(823535, "The full version is available for a limited time only! The sexy lady in the eyes of colleagues is actually very lewd", "Timepasserby", "https://la3.killcovid2021.com/m3u8/823535/823535.m3u8", "https://img.91p51.com/thumb/823535.jpg", 62759, "http://www.91porn.com/view_video.php?viewkey=83415040&c=t&viewtype=&category=", "00:11:35", 918, 11, 26, 3, "http://www.91porn.com/uprofile.php?UID=b13afeFn9yok4oyzbyQDNhvPHGqY9jMv3SGSJufCSdj2nUsTDw"),
	(823536, "The pink and beautiful pussy is clearly visible! Glossy legs are sexy and sultry! A personal favorite! (See Intermediary for the full version)", "我叫山雞雞巴的雞", "https://la3.killcovid2021.com/m3u8/823536/823536.m3u8", "https://img.91p51.com/thumb/823536.jpg", 205887, "http://www.91porn.com/view_video.php?viewkey=102652526&c=t&viewtype=&category=", "00:12:33", 2365, 101, 129, 11, "http://www.91porn.com/uprofile.php?UID=ed2elgiQMCFdH8Je4ZOaiQFzHMkqYtASiqxEyOLeJQqnEEDedA"),
	(823545, "强行内射猛烈撞击（完整版看间介）", "快枪手先生", "https://la3.killcovid2021.com/m3u8/823545/823545.m3u8", "https://img.91p51.com/thumb/823545.jpg", 10888, "http://www.91porn.com/view_video.php?viewkey=1528751702&page=5&viewtype=basic&category=ori", "00:11:01", 97, 0, 7, 0, "http://www.91porn.com/uprofile.php?UID=d4a56a1GMIZWG2w9jCYpz6tPnEKzjRySD5jvyCGivOSChOBX"),
	(823546, "The younger girl  is not at home, so I can only fuck the twin girl , it is so horny to spray water (see the full version)", "91小帅BBB", "https://la3.killcovid2021.com/m3u8/823546/823546.m3u8", "https://img.91p51.com/thumb/823546.jpg", 48499, "http://www.91porn.com/view_video.php?viewkey=1108346330&c=t&viewtype=&category=", "00:20:46", 714, 3, 23, 3, "http://www.91porn.com/uprofile.php?UID=711aCYC50eEVY5eIfBCXHFiO88XsIBJjnwns8X8FhMx3Jqgn"),
	(823553, "18-year-old contrast school girl awesome full video, must ejeculate! The fan-customized ones are now shared with everyone for free!", "拆二代Cc", "https://la3.killcovid2021.com/m3u8/823553/823553.m3u8", "https://img.91p51.com/thumb/823553.jpg", 78106, "http://www.91porn.com/view_video.php?viewkey=e98bdb3c35257a43b1a0&c=t&viewtype=&category=", "00:29:56", 1150, 24, 45, 7, "http://www.91porn.com/uprofile.php?UID=14edrko1nHFl7gdNoughAt39lVwHxZBaZrpHa5bJkWWwrP82DQ"),
	(823567, "G奶百万网红长篇后续点我id进主页观看", "91探花李寻欢", "https://la3.killcovid2021.com/m3u8/823567/823567.m3u8", "https://img.91p51.com/thumb/823567.jpg", 76105, "http://www.91porn.com/view_video.php?viewkey=565477169&page=5&viewtype=basic&category=ori", "00:06:14", 1088, 14, 60, 10, "http://www.91porn.com/uprofile.php?UID=55f1i6IVIQ37z5nmrUxEok1KCeVfjH3YR0YCGqrLkQ69RJO1Nw"),
	(823573, "&quot;It&#39;s all out to play, how can you ejeculate inside?&quot; Zhuji one night stand 173 long-legged married woman was forced to creampie by me", "动感五月天", "https://la3.killcovid2021.com/m3u8/823573/823573.m3u8", "https://img.91p51.com/thumb/823573.jpg", 140293, "http://www.91porn.com/view_video.php?viewkey=1472835371&page=4&viewtype=basic&category=ori", "00:04:35", 1362, 30, 47, 5, "http://www.91porn.com/uprofile.php?UID=b0bd4MvY8yHkHB2cSS70l8gUAieZBDxlqxO0fyUgrVSH5Nni"),
	(823574, "lick pussy that&#39;s the way to lick fuck fuck sprint fucking good", "d0r6", "https://la3.killcovid2021.com/m3u8/823574/823574.m3u8", "https://img.91p51.com/thumb/823574.jpg", 6232, "http://www.91porn.com/view_video.php?viewkey=e8b7933ad0bd7f5574a3&page=4&viewtype=basic&category=ori", "00:00:26", 27, 0, 0, 1, "http://www.91porn.com/uprofile.php?UID=0b64DgJASin3bzmYwXKGADRM7jzgiSe9Yp70DO2nhaUHnDcV"),
	(823576, "Reality matters! You want to fuck my asshole? cock is useless for you", "91欧巴桑", "https://la3.killcovid2021.com/m3u8/823576/823576.m3u8", "https://img.91p51.com/thumb/823576.jpg", 114346, "http://www.91porn.com/view_video.php?viewkey=dfdb2b8be9907a2cdb7d&c=t&viewtype=&category=", "00:45:29", 1243, 8, 38, 10, "http://www.91porn.com/uprofile.php?UID=b775FEeLFmeKkF0zQrYoeymacuXKRIE7snZX4WxMAqggvDWECA"),
	(823578, "Close-up creampie school girl powder pussy in the first perspective of dance school", "UUS1980", "https://la3.killcovid2021.com/m3u8/823578/823578.m3u8", "https://img.91p51.com/thumb/823578.jpg", 57911, "http://www.91porn.com/view_video.php?viewkey=1733414873&page=4&viewtype=basic&category=ori", "00:05:43", 692, 8, 30, 3, "http://www.91porn.com/uprofile.php?UID=a0af9wg5bepglomgx9odiJs0ogmbHl1StAUoTNPVz2SCgJnN9g"),
	(823594, "Freshman white tiger students can see a few hairs clearly, how many seconds can you hold on to those pussy legs? Look at the Jianjie Yuepa channel)", "水果糖先生", "https://la3.killcovid2021.com/m3u8/823594/823594.m3u8", "https://img.91p51.com/thumb/823594.jpg", 11917, "http://www.91porn.com/view_video.php?viewkey=89e41fed9c2970d5c352&page=4&viewtype=basic&category=ori", "00:24:09", 172, 0, 9, 0, "http://www.91porn.com/uprofile.php?UID=5cd8thJYayNNMeNaWlyxhffIjQyb7m6vEWsCGjamsO1zo8DpMg"),
	(823625, "single man pure SPA technique flirting glasses girl orgasm desire cum shot swallowing", "奶白睡不饱", "https://la3.killcovid2021.com/m3u8/823625/823625.m3u8", "https://img.91p51.com/thumb/823625.jpg", 25622, "http://www.91porn.com/view_video.php?viewkey=9c3e8b0742d2a276014b&page=4&viewtype=basic&category=ori", "00:18:10", 213, 2, 7, 4, "http://www.91porn.com/uprofile.php?UID=7d78qYuUaywXN4MFm0HdqDVlWjRHAQ5LSsva0WCrhinxeRF6JA"),
	(823642, "Super cute little girl ! Forced to fuck from behind creampie by scumbag! [The full version has been uploaded below in 47 minutes]", "91刘先生", "https://la3.killcovid2021.com/m3u8/823642/823642.m3u8", "https://img.91p51.com/thumb/823642.jpg", 135821, "http://www.91porn.com/view_video.php?viewkey=ed6bf0d5695d0652f773&c=t&viewtype=&category=", "00:20:33", 1279, 12, 37, 17, "https://www.91porn.com/uprofile.php?UID=c2b6Tp3ejq5B7vYMEW1hcnD91jWLecZhzv3JLsprrgBYgmWKQw"),
	(823649, "There are so many beauties in Hunan! Anyone who comes after 00 is awesome [The full version has been uploaded below in 52 minutes]", "91刘先生", "https://la3.killcovid2021.com/m3u8/823649/823649.m3u8", "https://img.91p51.com/thumb/823649.jpg", 118878, "http://www.91porn.com/view_video.php?viewkey=c6c0c0bd5c8b5e0f920b&c=t&viewtype=&category=", "00:34:57", 1330, 13, 32, 6, "https://www.91porn.com/uprofile.php?UID=c2b6Tp3ejq5B7vYMEW1hcnD91jWLecZhzv3JLsprrgBYgmWKQw"),
	(823673, "Sophomore school beauty, this figure is too awesome, all kinds of poses crazy fuck [The full version has been uploaded in 73 minutes]", "91刘先生", "https://la3.killcovid2021.com/m3u8/823673/823673.m3u8", "https://img.91p51.com/thumb/823673.jpg", 96399, "http://www.91porn.com/view_video.php?viewkey=eceb2f264acf388e3879&c=t&viewtype=&category=", "00:17:27", 1534, 17, 32, 3, "https://www.91porn.com/uprofile.php?UID=c2b6Tp3ejq5B7vYMEW1hcnD91jWLecZhzv3JLsprrgBYgmWKQw"),
	(823674, "A local awesome married young woman in the same city, cheating and having sex [The full version has been uploaded to the profile below in 39 minutes]", "91约炮渠道", "https://la3.killcovid2021.com/m3u8/823674/823674.m3u8", "https://img.91p51.com/thumb/823674.jpg", 16261, "http://www.91porn.com/view_video.php?viewkey=1650917595&page=4&viewtype=basic&category=ori", "00:04:29", 225, 2, 7, 0, "http://www.91porn.com/uprofile.php?UID=c16f1TkOlIqE0qoa3apz7G2vvXjYFAC9GA7WUmJBCYo7XVI6bQ"),
	(823676, "Club Marketing! The figure is really awesome [The full version has been uploaded to the profile below in 53 minutes]", "91约炮渠道", "https://la3.killcovid2021.com/m3u8/823676/823676.m3u8", "https://img.91p51.com/thumb/823676.jpg", 11479, "http://www.91porn.com/view_video.php?viewkey=2123535290&page=4&viewtype=basic&category=ori", "00:03:20", 156, 1, 5, 0, "http://www.91porn.com/uprofile.php?UID=7482226Ap1JxwibfN7WIG6rxguz8lQQyawwfDKPiq7l47d26vQ"),
	(823679, "Angry fuck~Shanghai Xiaoshuishui, perfect body [The full version has been uploaded to the profile below after 92 minutes]", "91约炮渠道", "https://la3.killcovid2021.com/m3u8/823679/823679.m3u8", "https://img.91p51.com/thumb/823679.jpg", 29924, "http://www.91porn.com/view_video.php?viewkey=2053294242&page=4&viewtype=basic&category=ori", "00:12:33", 489, 2, 18, 2, "http://www.91porn.com/uprofile.php?UID=2f2eUYklZ2nh8VdwRWZIzNXQcaUnV5L5OfZ3PhCVIwIJ7s6xwA"),
	(823689, "Original video, apply for a forum account", "ssmnbvcz", "https://la3.killcovid2021.com/m3u8/823689/823689.m3u8", "https://img.91p51.com/thumb/823689.jpg", 2538, "http://www.91porn.com/view_video.php?viewkey=1b06e1ce59a91eb2f213&page=4&viewtype=basic&category=ori", "00:00:16", 4, 0, 0, 0, "http://www.91porn.com/uprofile.php?UID=512bJROertsmjloSGqCyFXxjMpLXuyVfNlabyXRfQDyB6pdtTg"),
	(823706, "Apply for selfie expert", "huaduzhuangyuan", "https://la3.killcovid2021.com/m3u8/823706/823706.m3u8", "https://img.91p51.com/thumb/823706.jpg", 1455, "http://www.91porn.com/view_video.php?viewkey=67d1b44c5be3c54aef1c&page=4&viewtype=basic&category=ori", "00:00:50", 12, 0, 2, 0, "http://www.91porn.com/uprofile.php?UID=da2edohV6xVQc2ZirrtkkhxnSJ31NcaOdKzyuDPN6tNxAADh2g"),
	(823732, "The little young woman who said no but squirted [asked the heroine to see the original flavor of the website]", "三花淡奶", "https://la3.killcovid2021.com/m3u8/823732/823732.m3u8", "https://img.91p51.com/thumb/823732.jpg", 20040, "http://www.91porn.com/view_video.php?viewkey=aaf07e90b0d9ac55bcd4&page=4&viewtype=basic&category=ori", "00:05:04", 210, 0, 6, 0, "http://www.91porn.com/uprofile.php?UID=0abcmGBNGhhf598aKaUG0cR1rLte7RvxnFGRDFbG5iSShPKzTg"),
	(823737, "One night stand Take a picture of my husband in a cuckold, looking comfortable being fucked by a big cock", "91朴教练", "https://la3.killcovid2021.com/m3u8/823737/823737.m3u8", "https://img.91p51.com/thumb/823737.jpg", 7891, "http://www.91porn.com/view_video.php?viewkey=1030010db850ece4ab5e&page=4&viewtype=basic&category=ori", "00:00:51", 47, 1, 0, 0, "http://www.91porn.com/uprofile.php?UID=9773mVbetJDwg1nfXdukJZ9ssq1eDXuSktNPKMfqEZkbwVSw"),
	(823743, "Apply for full selfie certification", "桃子好吃", "https://la3.killcovid2021.com/m3u8/823743/823743.m3u8", "https://img.91p51.com/thumb/823743.jpg", 1089, "http://www.91porn.com/view_video.php?viewkey=56146663366a29c0da04&page=4&viewtype=basic&category=ori", "00:00:41", 8, 2, 0, 0, "http://www.91porn.com/uprofile.php?UID=6662fqCnsp1kHxSF5yQOhfpypv4Yw02G2P1RdYMwRuns0IZAhQ"),
	(823751, "Club couple three-some event, fucked by wife eating cock very horny", "91朴教练", "https://la3.killcovid2021.com/m3u8/823751/823751.m3u8", "https://img.91p51.com/thumb/823751.jpg", 12195, "http://www.91porn.com/view_video.php?viewkey=d518273d5154dcc33418&page=4&viewtype=basic&category=ori", "00:00:55", 103, 1, 5, 0, "http://www.91porn.com/uprofile.php?UID=37c3AcqW5Pvrdsw3rAPaX2kOVhIKxA2UVyzWZcG3NTeFUAZI"),
	(823838, "“哥我的逼骚不？”【约女主看网站 出原味】", "三花淡奶", "https://la3.killcovid2021.com/m3u8/823838/823838.m3u8", "https://img.91p51.com/thumb/823838.jpg", 17293, "http://www.91porn.com/view_video.php?viewkey=0c7e4290923408a62057&page=4&viewtype=basic&category=ori", "00:10:43", 213, 3, 8, 0, "http://www.91porn.com/uprofile.php?UID=b93aFhhWWjM6oUmThZEPHunXR7Ay5f3o8gmFlJu7sqcg1Xf0ag"),
	(823851, "Real and original about fuck. The third-year part-time girl just came to fuck after eating with her boyfriend. The full version sees Jianjie", "Oscar Zhang", "https://la3.killcovid2021.com/m3u8/823851/823851.m3u8", "https://img.91p51.com/thumb/823851.jpg", 25097, "http://www.91porn.com/view_video.php?viewkey=936437556&page=4&viewtype=basic&category=ori", "00:10:11", 368, 3, 12, 1, "http://www.91porn.com/uprofile.php?UID=634apbp9XlFCEYRHxKds3GYB3rKomjbWLqFkB429i3Vqm64O"),
	(823854, "College girlfriend who can only fuck once on weekends! Wearing the previous school uniform is still so pure, see the full version of Jianjie", "新加坡大鸟哥", "https://la3.killcovid2021.com/m3u8/823854/823854.m3u8", "https://img.91p51.com/thumb/823854.jpg", 58170, "http://www.91porn.com/view_video.php?viewkey=e7452ce2a1422fd7a5d1&page=4&viewtype=basic&category=ori", "00:08:40", 757, 3, 26, 2, "http://www.91porn.com/uprofile.php?UID=def3jE1wIrcBoog0xIvjsYJGsNNX97tJU3c5Hc9qi6cfzRIDYg"),
	(823861, "大学老师在学校操学生（完整版看间介）", "快枪手先生", "https://la3.killcovid2021.com/m3u8/823861/823861.m3u8", "https://img.91p51.com/thumb/823861.jpg", 120892, "http://www.91porn.com/view_video.php?viewkey=46a227307c1b0ed4e44c&page=4&viewtype=basic&category=ori", "00:07:50", 698, 21, 29, 8, "http://www.91porn.com/uprofile.php?UID=5496sablXsZpQT79V4EEWwekhC3sVcsCXLpHyrI1xRMOygBF"),
	(823906, "To lure the school girl, you won&#39;t be able to escape when you get to the hotel.", "UUS1980", "https://la3.killcovid2021.com/m3u8/823906/823906.m3u8", "https://img.91p51.com/thumb/823906.jpg", 19002, "http://www.91porn.com/view_video.php?viewkey=2548c7655e3880459b00&page=3&viewtype=basic&category=ori", "00:04:35", 181, 1, 18, 0, "http://www.91porn.com/uprofile.php?UID=a9ccAOXucPbDZ92P8RGkVUOM8seE59wSITkDOKrZuisg6xDOYg"),
	(823917, "Your husband is too poor, you can only be fucked by rich people, because your body is worth money (scroll down to see the world in the full version)", "狮子座Walker", "https://la3.killcovid2021.com/m3u8/823917/823917.m3u8", "https://img.91p51.com/thumb/823917.jpg", 74005, "http://www.91porn.com/view_video.php?viewkey=4ad7cc29aee594122ad9&page=3&viewtype=basic&category=ori", "00:11:39", 691, 24, 34, 9, "http://www.91porn.com/uprofile.php?UID=c287ho3GKO8T6PkauTAyq9DwSGnplbyZfAEDuIXE7eplPInM"),
	(823943, "绿帽奴献妻！主页已更新精彩作品（完整版看简界）", "Sextoy", "https://la3.killcovid2021.com/m3u8/823943/823943.m3u8", "https://img.91p51.com/thumb/823943.jpg", 65982, "http://www.91porn.com/view_video.php?viewkey=b68b3b644106a04c53d7&page=4&viewtype=basic&category=ori", "00:20:30", 544, 4, 20, 7, "http://www.91porn.com/uprofile.php?UID=0217aiZwJnKzQ9mcn1gCdqfQkMjxqrIYFPzfzDqVfCAj6qN2lA"),
	(823986, "&quot;You are perverted, you have to fuck me in the shower&quot; bathroom fuck young woman with big breasts! (See Jianjie for the full version)", "AC2023", "https://la3.killcovid2021.com/m3u8/823986/823986.m3u8", "https://img.91p51.com/thumb/823986.jpg", 17229, "http://www.91porn.com/view_video.php?viewkey=38a2ca5bd1f85e6f2824&page=3&viewtype=basic&category=ori", "00:09:07", 226, 1, 11, 0, "http://www.91porn.com/uprofile.php?UID=d8fbdHuunwo6rdp9uNlQqUD5yh2UedczxGSlss4wfepN714l"),
	(823992, "Beautiful peach buttocks, fully automatic masturbation cup, just a little tight! (See Intermediary for the full version)", "我叫山雞雞巴的雞", "https://la3.killcovid2021.com/m3u8/823992/823992.m3u8", "https://img.91p51.com/thumb/823992.jpg", 28936, "http://www.91porn.com/view_video.php?viewkey=1127181408&page=3&viewtype=basic&category=ori", "00:07:05", 505, 7, 24, 2, "http://www.91porn.com/uprofile.php?UID=66216NkbSSRmqVPMTlR6IdnxLcki3mSGe40Cy430ZZ7a4vzjOQ"),
	(823995, "18-year-old jk contrast beautiful girl, moan has multiple orgasms and cramps throughout the whole process, white pulp flows out, must ejeculate semen", "拆二代Cc", "https://la3.killcovid2021.com/m3u8/823995/823995.m3u8", "https://img.91p51.com/thumb/823995.jpg", 38875, "http://www.91porn.com/view_video.php?viewkey=b574f29759c64be9033e&page=3&viewtype=basic&category=ori", "00:12:41", 613, 10, 29, 2, "http://www.91porn.com/uprofile.php?UID=40cdMXKzTQIphoId7Su6M2LU9bDzdmtBnT3pEOK6uufC8A3E0A"),
	(824009, "通知:姨妈还差一天，推迟上新。（看简界约啪渠道）", "水果糖先生", "https://la3.killcovid2021.com/m3u8/824009/824009.m3u8", "https://img.91p51.com/thumb/824009.jpg", 4848, "http://www.91porn.com/view_video.php?viewkey=1116693839&page=4&viewtype=basic&category=ori", "00:05:48", 51, 0, 2, 0, "http://www.91porn.com/uprofile.php?UID=a2d7uW7Mxh2b07BhDWuuBe2lWXLwWvtcukzV9VKF2tP7gIA5Dw"),
	(824012, "The G-milk millions of Internet celebrities that you are urging to death are coming. Don’t just look at it.", "91探花李寻欢", "https://la3.killcovid2021.com/m3u8/824012/824012.m3u8", "https://img.91p51.com/thumb/824012.jpg", 26858, "http://www.91porn.com/view_video.php?viewkey=d57b1562d032a59bba3c&page=3&viewtype=basic&category=ori", "00:10:59", 660, 4, 43, 1, "http://www.91porn.com/uprofile.php?UID=f1eeWd5F1SXzKX8t3qAla1LN3mGhQefGjLuPNv8T5R96azD4tg"),
	(824014, "The sound of fuck is crisp and sweet! Forced orgasm (see Jianjie Yuesang channel)", "水果糖先生", "https://la3.killcovid2021.com/m3u8/824014/824014.m3u8", "https://img.91p51.com/thumb/824014.jpg", 5246, "http://www.91porn.com/view_video.php?viewkey=0111a4a0c49efbc24ed2&page=3&viewtype=basic&category=ori", "00:06:27", 76, 1, 2, 0, "http://www.91porn.com/uprofile.php?UID=5f00UfEw95QHtjJZzRfJsBf3zIY80IEfP447uonWwbr537gHSg"),
	(824024, "Walking tractor type fuck awesome fuck frame (see Jianjieyuepa channel)", "水果糖先生", "https://la3.killcovid2021.com/m3u8/824024/824024.m3u8", "https://img.91p51.com/thumb/824024.jpg", 7961, "http://www.91porn.com/view_video.php?viewkey=783749450&page=3&viewtype=basic&category=ori", "00:15:49", 103, 2, 6, 0, "http://www.91porn.com/uprofile.php?UID=a6e0Tc1Vz0vy6NBcgSF5auPJClbieZ9M6sYqYJVjUhseT8OoAg"),
	(824031, "【完整版】“都是出来玩玩，你怎么射里面？”诸暨173人妻被强制内射", "动感五月天", "https://la3.killcovid2021.com/m3u8/824031/824031.m3u8", "https://img.91p51.com/thumb/824031.jpg", 68525, "http://www.91porn.com/view_video.php?viewkey=49975377&page=4&viewtype=basic&category=ori", "00:08:44", 886, 9, 26, 3, "http://www.91porn.com/uprofile.php?UID=b1ab2XLFdqkJbjldKurO2rTl8z5gC5S9pg5Np4MiKEXVHwFQ"),
	(824035, "A History of Developing a Male Dog&#39;s Waist", "d0r6", "https://la3.killcovid2021.com/m3u8/824035/824035.m3u8", "https://img.91p51.com/thumb/824035.jpg", 3590, "http://www.91porn.com/view_video.php?viewkey=e7c77e9ac9675792a144&page=3&viewtype=basic&category=ori", "00:00:20", 20, 1, 2, 2, "http://www.91porn.com/uprofile.php?UID=f107tTKyVv252ozBfIIIFO8XsVlQzNAhi8uahWZexyWMRgOY"),
	(824046, "得此美妇，死而无憾。(完整无删版)", "春江花月夜吧", "https://la3.killcovid2021.com/m3u8/824046/824046.m3u8", "https://img.91p51.com/thumb/824046.jpg", 15985, "http://www.91porn.com/view_video.php?viewkey=d3db0bb0d2d94cf6196e&page=4&viewtype=basic&category=ori", "00:04:18", 205, 0, 11, 1, "http://www.91porn.com/uprofile.php?UID=53aasJoBMHLzkW6TgVYvRev43s8AjuMQ1PGjk9qmPeF9lxTrjA"),
	(824051, "I can&#39;t bear to see her high heels and stockings in a meeting", "dqlzlc", "https://la3.killcovid2021.com/m3u8/824051/824051.m3u8", "https://img.91p51.com/thumb/824051.jpg", 36216, "http://www.91porn.com/view_video.php?viewkey=1fdc714662769fa2772f&page=3&viewtype=basic&category=ori", "00:08:24", 494, 6, 21, 1, "http://www.91porn.com/uprofile.php?UID=a744fGeeiRu6PXX704c2ycisRiisa0VPdKK0NDGhY5HWFyd9Pw"),
	(824099, "91PORN certification", "喜欢知识的人", "https://la3.killcovid2021.com/m3u8/824099/824099.m3u8", "https://img.91p51.com/thumb/824099.jpg", 1538, "http://www.91porn.com/view_video.php?viewkey=b0421f733309b556ac92&page=3&viewtype=basic&category=ori", "00:00:32", 3, 2, 2, 1, "http://www.91porn.com/uprofile.php?UID=6333YnqtsatNQHhyLQMiixkevUTk9bBMqrK7EtvKftfNTKnR0Q"),
	(824114, "【Whale girl 】Accompany you through 520 love and want creampie for me", "squirtyu", "https://la3.killcovid2021.com/m3u8/824114/824114.m3u8", "https://img.91p51.com/thumb/824114.jpg", 7357, "http://www.91porn.com/view_video.php?viewkey=828322001&page=3&viewtype=basic&category=ori", "00:05:12", 74, 2, 12, 0, "http://www.91porn.com/uprofile.php?UID=b612q8I6Y5hp2q4Mnf9oUBboW510cz97jrEX5RBAuYge2d6z6A"),
	(824127, "Cheating school girl cheating on her boyfriend in hotel in duplex loft room next to university", "UUS1980", "https://la3.killcovid2021.com/m3u8/824127/824127.m3u8", "https://img.91p51.com/thumb/824127.jpg", 17887, "http://www.91porn.com/view_video.php?viewkey=1766217169&page=3&viewtype=basic&category=ori", "00:04:34", 220, 1, 17, 1, "http://www.91porn.com/uprofile.php?UID=945eY2n7lOU485UFx4kEGkUJVOS6C0mtcu1IzBGg6CppPs7jBg"),
	(824131, "With a girlfriend like this, when do you go home and start playing? [The full version has been uploaded to the profile below in 73 minutes]", "91约炮渠道", "https://la3.killcovid2021.com/m3u8/824131/824131.m3u8", "https://img.91p51.com/thumb/824131.jpg", 19818, "http://www.91porn.com/view_video.php?viewkey=414964201&page=2&viewtype=basic&category=ori", "00:25:51", 294, 1, 8, 0, "http://www.91porn.com/uprofile.php?UID=98abW8ZQO57rPtTm4ONliHMXamvfF3tNvwr30VQUMD80yIBFPw"),
	(824133, "Women who like lying, just fuck to death! True [The full version has been uploaded to the profile below in 46 minutes]", "91约炮渠道", "https://la3.killcovid2021.com/m3u8/824133/824133.m3u8", "https://img.91p51.com/thumb/824133.jpg", 19463, "http://www.91porn.com/view_video.php?viewkey=831715020&page=2&viewtype=basic&category=ori", "00:08:23", 323, 2, 15, 2, "http://www.91porn.com/uprofile.php?UID=97e6Z70rQsn60cBvDVYE2PiH5lmfCQYmRTgiRFc7v4Lm4yTAtQ"),
	(824134, "&quot;Don&#39;t shoot~Ah~~You are too deep!~Ah [The full version has been uploaded to the introduction below after 53 minutes]", "91约炮渠道", "https://la3.killcovid2021.com/m3u8/824134/824134.m3u8", "https://img.91p51.com/thumb/824134.jpg", 32201, "http://www.91porn.com/view_video.php?viewkey=967357135&page=2&viewtype=basic&category=ori", "00:05:08", 433, 1, 13, 4, "http://www.91porn.com/uprofile.php?UID=dcde438A1S9kG9PKTVYk1KEM0V3N7rIZPKZ6eSdqA6AgrlMnHg"),
	(824136, "I like the owner&#39;s big cock the most~ Art school bitch show face in 2004, school girl white tiger slut, double ponytail with white stockings", "是性奴小雨喔", "https://la3.killcovid2021.com/m3u8/824136/824136.m3u8", "https://img.91p51.com/thumb/824136.jpg", 8142, "http://www.91porn.com/view_video.php?viewkey=7a35e9f4d7607344801e&page=2&viewtype=basic&category=ori", "00:07:23", 98, 0, 9, 0, "http://www.91porn.com/uprofile.php?UID=927ecZ7bZfmFtFWCFlnuNH1duv7anWuHd1I5CJ79cPKnYZZfFQ"),
	(824312, "The well-developed first-year school girl &quot;C milk + peach buttocks&quot; is so comfortable. You lick me so comfortable. See the full version in Jianjie", "新加坡大鸟哥", "https://la3.killcovid2021.com/m3u8/824312/824312.m3u8", "https://img.91p51.com/thumb/824312.jpg", 22689, "http://www.91porn.com/view_video.php?viewkey=1efa6a0602f2f8a64349&page=2&viewtype=basic&category=ori", "00:05:21", 252, 3, 7, 1, "http://www.91porn.com/uprofile.php?UID=f139E0S5tSlgenPFB9mIvnrwDP7hCl9Ms8z4g9zqFy30LQID5Q"),
	(824326, "The real original fuck hard. The freshman school girl who is adopted by the school can ejeculate the full version. Watch Jianjie", "Oscar Zhang", "https://la3.killcovid2021.com/m3u8/824326/824326.m3u8", "https://img.91p51.com/thumb/824326.jpg", 20138, "http://www.91porn.com/view_video.php?viewkey=1297866536&page=2&viewtype=basic&category=ori", "00:04:00", 244, 4, 9, 0, "http://www.91porn.com/uprofile.php?UID=c3f9c7yUZiNxdGoWiwx6krF5m6CfaC8ZI7g45IYDmswfsJws"),
	(824364, "Fresh graduate with big tits bakuchichi schoolgirl, in the middle of the plot, big tits are very tempting! (See Intermediary for the full version)", "无敌泡泡拳老刘", "https://la3.killcovid2021.com/m3u8/824364/824364.m3u8", "https://img.91p51.com/thumb/824364.jpg", 26788, "http://www.91porn.com/view_video.php?viewkey=5da3228f4d8d1dddc2dc&page=2&viewtype=basic&category=ori", "00:17:51", 302, 3, 5, 1, "http://www.91porn.com/uprofile.php?UID=fd4e5ONrX0LNdcbSD21iRudTRWaqJDzzwKVvIb6QN5hZdg65wA"),
	(824386, "Luo Guomeizi 23, part 2, non-condom cum shot", "x1001", "https://la3.killcovid2021.com/m3u8/824386/824386.m3u8", "https://img.91p51.com/thumb/824386.jpg", 2953, "http://www.91porn.com/view_video.php?viewkey=63918a5b35a325e56061&page=0&viewtype=basic&category=ori", "00:06:54", 32, 2, 4, 0, "http://www.91porn.com/uprofile.php?UID=563avOQLX7f4VI7XRknNYVGbko5osrrF2rQwTWQcIbKYibCT"),
	(824391, "Going to the bank to rent out a house for a divorced young woman three-some (see Jianjie for the full version)", "AC2023", "https://la3.killcovid2021.com/m3u8/824391/824391.m3u8", "https://img.91p51.com/thumb/824391.jpg", 18633, "http://www.91porn.com/view_video.php?viewkey=3d886a73a383223509b4&page=0&viewtype=basic&category=ori", "00:17:18", 164, 1, 4, 1, "http://www.91porn.com/uprofile.php?UID=77f3nQExqoAR2JEhWxBbm960TnKxn7DX2WbvgsvlXVzazvje"),
	(824405, "Superb angle of view! Pressed on the table leg lift deep fuck! Too bad the vagina is too short! (See Intermediary for the full version)", "我叫山雞雞巴的雞", "https://la3.killcovid2021.com/m3u8/824405/824405.m3u8", "https://img.91p51.com/thumb/824405.jpg", 13577, "http://www.91porn.com/view_video.php?viewkey=931258161&page=0&viewtype=basic&category=ori", "00:08:36", 239, 4, 14, 0, "http://www.91porn.com/uprofile.php?UID=d95ehoG0boEXSDufdyH4BftkbTEgMatPinwSuzOLMI5qfK0eiw"),
	(824407, "one night stand 18-year-old internet celebrity exchange student", "下面有跟棒棒糖", "https://la3.killcovid2021.com/m3u8/824407/824407.m3u8", "https://img.91p51.com/thumb/824407.jpg", 6432, "http://www.91porn.com/view_video.php?viewkey=389581494&page=0&viewtype=basic&category=ori", "00:03:13", 121, 0, 3, 1, "http://www.91porn.com/uprofile.php?UID=08d6ayUlkqDpYBCaO74WUkeMqzQFNoiFFHGd5NUy5041fmQD"),
	(824410, "Stimulate! My girl  is not at home and continues to fuck my big tits girl , it&#39;s so horny that she can spray water! (For the full version, see the world)", "91小帅BBB", "https://la3.killcovid2021.com/m3u8/824410/824410.m3u8", "https://img.91p51.com/thumb/824410.jpg", 5387, "http://www.91porn.com/view_video.php?viewkey=e21a713faed3f8cefec8&page=0&viewtype=basic&category=ori", "00:17:48", 90, 0, 4, 0, "http://www.91porn.com/uprofile.php?UID=4786SVVFwRKaIr6bwr4wW3VaW2Ax6VxFnyrnpGswbN03YRxq"),
	(824412, "[Luyuan] &quot;Why did you spray water when you slapped your face? Is it so perverted?&quot; Wonderful dialogue", "jmd106461", "https://la3.killcovid2021.com/m3u8/824412/824412.m3u8", "https://img.91p51.com/thumb/824412.jpg", 12515, "http://www.91porn.com/view_video.php?viewkey=1abbe8906ac42ab18f4a&page=0&viewtype=basic&category=ori", "00:05:51", 194, 0, 9, 0, "http://www.91porn.com/uprofile.php?UID=f887SW2JKTuBO1lQgaWpXYYZ8jnCyzCF5IeuJu4Sds2h3OBSsQ"),
	(824423, "&quot;Please don&#39;t show my videos to my boyfriend&quot; Please, cuckold contrast bitch, special horny, 20 years old", "pprlv", "https://la3.killcovid2021.com/m3u8/824423/824423.m3u8", "https://img.91p51.com/thumb/824423.jpg", 10094, "http://www.91porn.com/view_video.php?viewkey=1846b8c4e1011b813394&page=1&viewtype=basic&category=ori", "00:06:57", 133, 0, 3, 2, "http://www.91porn.com/uprofile.php?UID=6752AWIuftWaC6vs7tSbqOc5TuDv5aVVRJjYJOUaDhAk0UuLtg"),
	(824427, "Contrasting school girl bitches have to study hard and are about to take the college entrance examination, the last creampie, or repeat it", "拆二代Cc", "https://la3.killcovid2021.com/m3u8/824427/824427.m3u8", "https://img.91p51.com/thumb/824427.jpg", 12426, "http://www.91porn.com/view_video.php?viewkey=705794165&page=0&viewtype=basic&category=ori", "00:08:21", 186, 0, 9, 0, "http://www.91porn.com/uprofile.php?UID=c116pasqrILnWvWcuB8R7e7SkZ27lg7uDNSDatsR0xJ7T6ro0g"),
	(824430, "non-condom creampie", "91刘先生", "https://la3.killcovid2021.com/m3u8/824430/824430.m3u8", "https://img.91p51.com/thumb/824430.jpg", 878, "http://www.91porn.com/view_video.php?viewkey=1382753372&page=2&viewtype=basic&category=mr", "00:01:09", 5, 0, 0, 0, "https://www.91porn.com/uprofile.php?UID=c2b6Tp3ejq5B7vYMEW1hcnD91jWLecZhzv3JLsprrgBYgmWKQw"),
	(824431, "Little girlfriend won&#39;t let me shoot", "朋先生", "https://la3.killcovid2021.com/m3u8/824431/824431.m3u8", "https://img.91p51.com/thumb/824431.jpg", 3199, "http://www.91porn.com/view_video.php?viewkey=a4b746b068c34d0a1da3&page=2&viewtype=basic&category=mr", "00:00:16", 35, 1, 0, 0, "http://www.91porn.com/uprofile.php?UID=47abq6Nz3VEXDs231PFunmBHBA4pzLiYHTqPvZU1b3gsDmzXoA"),
	(824433, "My girl  is very honest, my girl  is too terrible", "91探花李寻欢", "https://la3.killcovid2021.com/m3u8/824433/824433.m3u8", "https://img.91p51.com/thumb/824433.jpg", 11392, "http://www.91porn.com/view_video.php?viewkey=498376465&page=0&viewtype=basic&category=ori", "00:05:55", 144, 7, 14, 1, "http://www.91porn.com/uprofile.php?UID=5c640pvo5nnauIjviYsgy2oMIaA3jiuATz9IAP1ZZVM1NWtoDg"),
	(824434, "Good guy and her ex-girlfriend sent me a sex video", "春江花月夜吧", "https://la3.killcovid2021.com/m3u8/824434/824434.m3u8", "https://img.91p51.com/thumb/824434.jpg", 15811, "http://www.91porn.com/view_video.php?viewkey=387742611&page=0&viewtype=basic&category=ori", "00:05:31", 198, 0, 6, 0, "http://www.91porn.com/uprofile.php?UID=81ad11c4UKy2JtJikBukK1NwVobkagtxYjrUzDf9W9XNuHNVYQ"),
	(824435, "non-condom 1998 Shandong awesome waist-to-hip juicing girl", "91刘先生", "https://la3.killcovid2021.com/m3u8/824435/824435.m3u8", "https://img.91p51.com/thumb/824435.jpg", 331, "http://www.91porn.com/view_video.php?viewkey=ecd627a807254c4a26d0&page=2&viewtype=basic&category=mr", "00:00:53", 3, 0, 1, 0, "https://www.91porn.com/uprofile.php?UID=c2b6Tp3ejq5B7vYMEW1hcnD91jWLecZhzv3JLsprrgBYgmWKQw"),
	(824437, "Gym pickup married teen, awesome peach ass, non-condom pounding creampie", "Sextoy", "https://la3.killcovid2021.com/m3u8/824437/824437.m3u8", "https://img.91p51.com/thumb/824437.jpg", 14776, "http://www.91porn.com/view_video.php?viewkey=980b75b078d29a8f18a8&page=0&viewtype=basic&category=ori", "00:08:28", 89, 2, 7, 1, "http://www.91porn.com/uprofile.php?UID=c54cy1HAkpYicJCUC0rSqnknSCce1IJ0FwMGBD4l9FKJGVfaPw"),
	(824438, "[Full version] &quot;Don&#39;t worry about it, my husband is checking the post&quot; Jinan one night stand married woman with fat buttocks, ask for creampie during the safety period", "动感五月天", "https://la3.killcovid2021.com/m3u8/824438/824438.m3u8", "https://img.91p51.com/thumb/824438.jpg", 9064, "http://www.91porn.com/view_video.php?viewkey=ec06dac7482cedf0669c&page=0&viewtype=basic&category=ori", "00:09:00", 114, 0, 4, 1, "http://www.91porn.com/uprofile.php?UID=d1fbV3oBIg1lZcRBdEXDxEz0GNetNRTp93QxtEYG1yZv3wB4"),
	(824439, "520 fuck from behind peach ass", "大吊哇", "https://la3.killcovid2021.com/m3u8/824439/824439.m3u8", "https://img.91p51.com/thumb/824439.jpg", 1350, "http://www.91porn.com/view_video.php?viewkey=b3e5bf452d84edf2c0b0&page=2&viewtype=basic&category=mr", "00:01:06", 11, 1, 0, 0, "http://www.91porn.com/uprofile.php?UID=6040gfmQ9SCJXTUyuoiakrvUJqR8znzrQvxHAIhL3wLHsShW"),
	(824440, "Big Ass College Student", "91刘先生", "https://la3.killcovid2021.com/m3u8/824440/824440.m3u8", "https://img.91p51.com/thumb/824440.jpg", 711, "http://www.91porn.com/view_video.php?viewkey=4f27153eebf3ed84b666&page=2&viewtype=basic&category=mr", "00:00:29", 11, 0, 0, 0, "https://www.91porn.com/uprofile.php?UID=c2b6Tp3ejq5B7vYMEW1hcnD91jWLecZhzv3JLsprrgBYgmWKQw"),
	(824441, "520 Passionate", "皮蛋哥", "https://la3.killcovid2021.com/m3u8/824441/824441.m3u8", "https://img.91p51.com/thumb/824441.jpg", 3185, "http://www.91porn.com/view_video.php?viewkey=f3c35cf0fb18891d0c53&page=2&viewtype=basic&category=mr", "00:04:59", 58, 1, 1, 1, "http://www.91porn.com/uprofile.php?UID=87ffdLXfsSnJGBRqJ3359McbPVoKERv26TfHF4Vp90lky8XJ"),
	(824442, "45 years old belong to", "91刘先生", "https://la3.killcovid2021.com/m3u8/824442/824442.m3u8", "https://img.91p51.com/thumb/824442.jpg", 930, "http://www.91porn.com/view_video.php?viewkey=ba889163a6412fba6eb1&page=2&viewtype=basic&category=mr", "00:00:32", 4, 0, 0, 0, "https://www.91porn.com/uprofile.php?UID=c2b6Tp3ejq5B7vYMEW1hcnD91jWLecZhzv3JLsprrgBYgmWKQw"),
	(824443, "married woman bitch put on nipple clips", "黑椒盖饭", "https://la3.killcovid2021.com/m3u8/824443/824443.m3u8", "https://img.91p51.com/thumb/824443.jpg", 3470, "http://www.91porn.com/view_video.php?viewkey=84a8d9b9d712f4e0831d&page=0&viewtype=basic&category=ori", "00:02:47", 47, 0, 3, 0, "http://www.91porn.com/uprofile.php?UID=8f3965xb0eKAHpyVhZeZoXITIZuM37kVHBMOOlyMK79fWnGbrQ"),
	(824445, "I&#39;m going to spray, please don&#39;t fuck so deep", "水果糖先生", "https://la3.killcovid2021.com/m3u8/824445/824445.m3u8", "https://img.91p51.com/thumb/824445.jpg", 5366, "http://www.91porn.com/view_video.php?viewkey=3063916d4144967e2727&page=1&viewtype=basic&category=ori", "00:10:47", 51, 0, 2, 1, "http://www.91porn.com/uprofile.php?UID=cde1KUUHjUYJAvua21Qw5LZOVGMfiL9a59KsKebOziHd0P5KSg"),
	(824449, "(Ganzhou) Beautiful student outfit gets bumped by a big cock", "kasum1", "https://la3.killcovid2021.com/m3u8/824449/824449.m3u8", "https://img.91p51.com/thumb/824449.jpg", 2091, "http://www.91porn.com/view_video.php?viewkey=fff5905c5df536a6d893&page=2&viewtype=basic&category=mr", "00:02:50", 28, 2, 0, 0, "http://www.91porn.com/uprofile.php?UID=f5cc73prAPFHwUdxuZqm8T8H5CXOI0sGeHXsx7C5GKtytvZlFA"),
	(824450, "Wife gets fucked by netizens", "私欲", "https://la3.killcovid2021.com/m3u8/824450/824450.m3u8", "https://img.91p51.com/thumb/824450.jpg", 2267, "http://www.91porn.com/view_video.php?viewkey=4bec4cf75246641384f3&page=2&viewtype=basic&category=mr", "00:03:34", 34, 1, 3, 0, "http://www.91porn.com/uprofile.php?UID=738ah9ieEFMN5Id7uEYoBkbM8Ip9LPLiwaXytpkW11Lqdw9Fcw"),
	(824454, "wife and friends", "私欲", "https://la3.killcovid2021.com/m3u8/824454/824454.m3u8", "https://img.91p51.com/thumb/824454.jpg", 709, "http://www.91porn.com/view_video.php?viewkey=678923366&page=2&viewtype=basic&category=mr", "00:00:44", 3, 0, 2, 0, "http://www.91porn.com/uprofile.php?UID=dc71FvW9HxKD5qy9q90e8cDM6XnLScxoVpvtRxhXOlBt43oGKw"),
	(824455, "The lead creampie cuckold married woman was almost discovered by his wife&#39;s phone call", "奶白睡不饱", "https://la3.killcovid2021.com/m3u8/824455/824455.m3u8", "https://img.91p51.com/thumb/824455.jpg", 4837, "http://www.91porn.com/view_video.php?viewkey=09738e8906e048d6dde8&page=1&viewtype=basic&category=ori", "00:10:44", 42, 0, 1, 3, "http://www.91porn.com/uprofile.php?UID=d75cE04eOxN3syXlZvEgveFKe6JGYOM6T99JyB53QDp5vHYSEQ"),
	(824459, "girl  thief can call", "603709719", "https://la3.killcovid2021.com/m3u8/824459/824459.m3u8", "https://img.91p51.com/thumb/824459.jpg", 1703, "http://www.91porn.com/view_video.php?viewkey=262457276&page=2&viewtype=basic&category=mr", "00:02:27", 21, 0, 1, 0, "http://www.91porn.com/uprofile.php?UID=e595AWPcsXe46voB7tbdv9aSPws1OLfCoM6gjEGOypiFU9Jt"),
	(824464, "&quot;Why are you still not hard? Is it because I&#39;m not horny enough?&quot; Kunshan married woman was brought out by her green hat husband 5P creampie", "动感五月天", "https://la3.killcovid2021.com/m3u8/824464/824464.m3u8", "https://img.91p51.com/thumb/824464.jpg", 5567, "http://www.91porn.com/view_video.php?viewkey=894435294&page=1&viewtype=basic&category=ori", "00:04:52", 50, 3, 2, 0, "http://www.91porn.com/uprofile.php?UID=e61fRc03MwRR6e5fInTdbzrbdo6inyKSG18zx9fY7B6hFfRx"),
	(824472, "May 21 verification video application selfie master", "桃子好吃", "https://la3.killcovid2021.com/m3u8/824472/824472.m3u8", "https://img.91p51.com/thumb/824472.jpg", 53, "http://www.91porn.com/view_video.php?viewkey=3aabb12d1211c9e6fb28&page=0&viewtype=basic&category=mr", "00:00:37", 0, 0, 0, 0, "http://www.91porn.com/uprofile.php?UID=d7632xBq0GxtNg0HnwqamZZrYQsU1ea4SbgiOnY6PEvF661LBw"),
	(824473, "couple", "365509250", "https://la3.killcovid2021.com/m3u8/824473/824473.m3u8", "https://img.91p51.com/thumb/824473.jpg", 69, "http://www.91porn.com/view_video.php?viewkey=7fdfbd55479af0bf55da&page=0&viewtype=basic&category=mr", "00:01:14", 2, 0, 0, 0, "http://www.91porn.com/uprofile.php?UID=b32dncR11VfybftUQQMNmp9DP79I5vuegsh33k6tD8pQuCsriw"),
	(824475, "She said pussy must be fat to be juicy", "lifeiscool__", "https://la3.killcovid2021.com/m3u8/824475/824475.m3u8", "https://img.91p51.com/thumb/824475.jpg", 37, "http://www.91porn.com/view_video.php?viewkey=4f82cb71dd9298b60260&page=1&viewtype=basic&category=mr", "00:01:58", 1, 0, 0, 0, "http://www.91porn.com/uprofile.php?UID=0cb5FFyHGnhCncEWCeGvq3aJ3tj2VMmKFjJpbIpRvZfWgUDmHw"),
	(824485, "bitch eating", "minilong11", "https://la3.killcovid2021.com/m3u8/824485/824485.m3u8", "https://img.91p51.com/thumb/824485.jpg", 86, "http://www.91porn.com/view_video.php?viewkey=1b4143f25e17a4d6b493&page=0&viewtype=basic&category=mr", "00:00:42", 0, 0, 0, 0, "http://www.91porn.com/uprofile.php?UID=7d611tQYqfs8q7qs3HD6QNjcyzNqVltJpqKSKu7xoU21MGNp"),
	(824486, "18 year old vietnamese girl", "rexuefeitou", "https://la3.killcovid2021.com/m3u8/824486/824486.m3u8", "https://img.91p51.com/thumb/824486.jpg", 79, "http://www.91porn.com/view_video.php?viewkey=80795466&page=0&viewtype=basic&category=mr", "00:00:21", 0, 0, 0, 0, "http://www.91porn.com/uprofile.php?UID=5b35ca9FOcThFc0SjJySaR36cATlgG6wFHHmnPwKCQHb33TRjw"),
	(824488, "Married woman", "momhunter", "https://la3.killcovid2021.com/m3u8/824488/824488.m3u8", "https://img.91p51.com/thumb/824488.jpg", 308, "http://www.91porn.com/view_video.php?viewkey=1144617894&page=0&viewtype=basic&category=mr", "00:14:09", 3, 1, 1, 0, "http://www.91porn.com/uprofile.php?UID=1910MAnLLW9rchvROfNw3RtbMtpWBTphZrCY1Rhhg20bcig"),
	(824489, "520 fuck hard 03 big boobs", "balar", "https://la3.killcovid2021.com/m3u8/824489/824489.m3u8", "https://img.91p51.com/thumb/824489.jpg", 403, "http://www.91porn.com/view_video.php?viewkey=444b5eb214fb145b2c62&page=0&viewtype=basic&category=mr", "00:12:36", 8, 0, 0, 0, "http://www.91porn.com/uprofile.php?UID=e6a8RAKHuN614HV1mvMKrBN0Ag6A8T1WXgQNLqBrVTsinEz9QQ"),
	(824490, "A young woman fan who loves sports students piledriver", "陈昊", "https://la3.killcovid2021.com/m3u8/824490/824490.m3u8", "https://img.91p51.com/thumb/824490.jpg", 128, "http://www.91porn.com/view_video.php?viewkey=6dcf0b19f8e526aa5bc9&page=0&viewtype=basic&category=mr", "00:01:15", 4, 0, 0, 0, "http://www.91porn.com/uprofile.php?UID=19eeA7Af1FfZ5PKv4nHAz2BltO1bmkgbOuNkZ6KVTUVfgE0I"),
	(824491, "Original answering the phone with a bitch", "minilong11", "https://la3.killcovid2021.com/m3u8/824491/824491.m3u8", "https://img.91p51.com/thumb/824491.jpg", 216, "http://www.91porn.com/view_video.php?viewkey=539c51a58c36c491c552&page=0&viewtype=basic&category=mr", "00:04:50", 4, 0, 1, 0, "http://www.91porn.com/uprofile.php?UID=29aarLfly3WJFm7s1hU4VquDV4ynjl8joz1n3gMapTnu8QrT"),
	(824492, "selfie with girl -in-law, 0517", "91刘先生", "https://la3.killcovid2021.com/m3u8/824492/824492.m3u8", "https://img.91p51.com/thumb/824492.jpg", 47, "http://www.91porn.com/view_video.php?viewkey=6dd99bb7f4be9dbdf62e&page=0&viewtype=basic&category=mr", "00:01:02", 1, 0, 1, 0, "https://www.91porn.com/uprofile.php?UID=c2b6Tp3ejq5B7vYMEW1hcnD91jWLecZhzv3JLsprrgBYgmWKQw"),
	(824493, "520 Bitch girlfriend thousands of miles to send pussy to the hotel directly to fuck from behind", "July1206", "https://la3.killcovid2021.com/m3u8/824493/824493.m3u8", "https://img.91p51.com/thumb/824493.jpg", 229, "http://www.91porn.com/view_video.php?viewkey=15672138&page=0&viewtype=basic&category=mr", "00:01:00", 4, 0, 0, 0, "http://www.91porn.com/uprofile.php?UID=449ffrpaZC9hsTlwb46Jmkang7v6mN1WK0YapftM4dDS1nHRgg"),
	(824494, "0517. girl -in-law selfie", "91刘先生", "https://la3.killcovid2021.com/m3u8/824494/824494.m3u8", "https://img.91p51.com/thumb/824494.jpg", 173, "http://www.91porn.com/view_video.php?viewkey=09048b7fb5e757a67d29&page=1&viewtype=basic&category=mr", "00:01:28", 1, 0, 0, 0, "https://www.91porn.com/uprofile.php?UID=c2b6Tp3ejq5B7vYMEW1hcnD91jWLecZhzv3JLsprrgBYgmWKQw"),
	(824495, "520 and Counselor&#39;s daily sex routine (favorite girl  dd)", "陈昊", "https://la3.killcovid2021.com/m3u8/824495/824495.m3u8", "https://img.91p51.com/thumb/824495.jpg", 305, "http://www.91porn.com/view_video.php?viewkey=1260758636&page=1&viewtype=basic&category=mr", "00:00:33", 1, 0, 0, 0, "http://www.91porn.com/uprofile.php?UID=f68auetSyGN6OWTmFWEdFOv1gKvYR4wQRAp6WdpNDEmPVN7Q"),
	(824512, "Real original college dormitory cousin fucked the counselor full version Watch Jianjie", "Oscar Zhang", "https://la3.killcovid2021.com/m3u8/824512/824512.m3u8", "https://img.91p51.com/thumb/824512.jpg", 2682, "http://www.91porn.com/view_video.php?viewkey=588986364&page=1&viewtype=basic&category=ori", "00:13:41", 8, 0, 1, 0, "http://www.91porn.com/uprofile.php?UID=98cc6XzIhWfQFzzl4mFTyLwRbhFqXBJcBQ651VVHuBdMUXT8"),
	(824529, "Super tender school girl in 2005! &quot;Tender, obedient, and real! [Introduction of the full version uploaded in 56 minutes]", "91刘先生", "https://la3.killcovid2021.com/m3u8/824529/824529.m3u8", "https://img.91p51.com/thumb/824529.jpg", 1496, "http://www.91porn.com/view_video.php?viewkey=f0b557d03ce507d055e7&page=0&viewtype=basic&category=mr", "00:12:16", 20, 1, 2, 0, "https://www.91porn.com/uprofile.php?UID=c2b6Tp3ejq5B7vYMEW1hcnD91jWLecZhzv3JLsprrgBYgmWKQw"),
	(824531, "The highest face value in the flower exploration world! University school beauty level【The full version has been uploaded in 42 minutes】", "91刘先生", "https://la3.killcovid2021.com/m3u8/824531/824531.m3u8", "https://img.91p51.com/thumb/824531.jpg", 639, "http://www.91porn.com/view_video.php?viewkey=97e0cea14b44d109935f&page=0&viewtype=basic&category=mr", "00:20:46", 8, 1, 0, 0, "https://www.91porn.com/uprofile.php?UID=c2b6Tp3ejq5B7vYMEW1hcnD91jWLecZhzv3JLsprrgBYgmWKQw"),
	(824532, "Super exciting 4P event~ fuck after pussy pussy and then fuck mouth [The full version has been uploaded below after 39 minutes]", "91刘先生", "https://la3.killcovid2021.com/m3u8/824532/824532.m3u8", "https://img.91p51.com/thumb/824532.jpg", 294, "http://www.91porn.com/view_video.php?viewkey=cdf4a3f2731eed12bf47&page=0&viewtype=basic&category=mr", "00:14:35", 3, 0, 0, 0, "https://www.91porn.com/uprofile.php?UID=c2b6Tp3ejq5B7vYMEW1hcnD91jWLecZhzv3JLsprrgBYgmWKQw"),
	(824533, "Northeast rural living! Cheating married woman fuck her asshole! [Introduction uploaded in 32 minutes of the full version]", "91刘先生", "https://la3.killcovid2021.com/m3u8/824533/824533.m3u8", "https://img.91p51.com/thumb/824533.jpg", 922, "http://www.91porn.com/view_video.php?viewkey=d5673c06e5b06785a72b&page=0&viewtype=basic&category=mr", "00:09:40", 8, 0, 0, 0, "https://www.91porn.com/uprofile.php?UID=c2b6Tp3ejq5B7vYMEW1hcnD91jWLecZhzv3JLsprrgBYgmWKQw"),
	(824535, "KTV high-end bureau! The entire private room is full of lewd breath [The full version has been uploaded in 65 minutes]", "91刘先生", "https://la3.killcovid2021.com/m3u8/824535/824535.m3u8", "https://img.91p51.com/thumb/824535.jpg", 72, "http://www.91porn.com/view_video.php?viewkey=069464dbd83e49827cc0&page=1&viewtype=basic&category=mr", "00:33:57", 0, 0, 0, 0, "https://www.91porn.com/uprofile.php?UID=c2b6Tp3ejq5B7vYMEW1hcnD91jWLecZhzv3JLsprrgBYgmWKQw"),
	(824538, "Wife is a black bitch! Find a black cock and satisfy her! So enjoyable! [The full version has been uploaded below in 37 minutes]", "91刘先生", "https://la3.killcovid2021.com/m3u8/824538/824538.m3u8", "https://img.91p51.com/thumb/824538.jpg", 697, "http://www.91porn.com/view_video.php?viewkey=cbae3c76030d0626259f&page=0&viewtype=basic&category=mr", "00:03:24", 7, 0, 0, 0, "https://www.91porn.com/uprofile.php?UID=c2b6Tp3ejq5B7vYMEW1hcnD91jWLecZhzv3JLsprrgBYgmWKQw"),
	(824541, "The 18-year-old really does not usually penetrate the aunt crazy [The full version has been uploaded to the profile below in 52 minutes]", "91刘先生", "https://la3.killcovid2021.com/m3u8/824541/824541.m3u8", "https://img.91p51.com/thumb/824541.jpg", 539, "http://www.91porn.com/view_video.php?viewkey=91338e23b0d181ccfd33&page=1&viewtype=basic&category=mr", "00:09:37", 11, 1, 1, 0, "https://www.91porn.com/uprofile.php?UID=c2b6Tp3ejq5B7vYMEW1hcnD91jWLecZhzv3JLsprrgBYgmWKQw"),
	(824542, "awesome super good looking English teacher! White Tiger Tender Abalone 【Introduction to the full version uploaded in 55 minutes】", "91刘先生", "https://la3.killcovid2021.com/m3u8/824542/824542.m3u8", "https://img.91p51.com/thumb/824542.jpg", 470, "http://www.91porn.com/view_video.php?viewkey=e40a8e612086a10479b2&page=1&viewtype=basic&category=mr", "00:10:35", 12, 0, 0, 0, "https://www.91porn.com/uprofile.php?UID=c2b6Tp3ejq5B7vYMEW1hcnD91jWLecZhzv3JLsprrgBYgmWKQw"),
	(824543, "chinese japanese fuck friend", "lolalol", "https://la3.killcovid2021.com/m3u8/824543/824543.m3u8", "https://img.91p51.com/thumb/824543.jpg", 416, "http://www.91porn.com/view_video.php?viewkey=ff633321b569cbc33523&page=0&viewtype=basic&category=mr", "00:03:24", 1, 0, 2, 0, "http://www.91porn.com/uprofile.php?UID=2a71sePpZLSvv6J8zQ7ymxTzjOtxGJrmcN881AsJRoQyUXrc"),
	(824544, "Good glasses girl! Riding very good! The point is that I can still lick sperm [The full version has been uploaded below in 32 minutes]", "91刘先生", "https://la3.killcovid2021.com/m3u8/824544/824544.m3u8", "https://img.91p51.com/thumb/824544.jpg", 359, "http://www.91porn.com/view_video.php?viewkey=f8b8cf4fbfd9aa05ac57&page=1&viewtype=basic&category=mr", "00:06:59", 4, 0, 0, 0, "https://www.91porn.com/uprofile.php?UID=c2b6Tp3ejq5B7vYMEW1hcnD91jWLecZhzv3JLsprrgBYgmWKQw"),
	(824551, "The milk tea girl  not only cooks the milk tea well! The tits are also top-notch! [The full version has been uploaded below in 36 minutes]", "91刘先生", "https://la3.killcovid2021.com/m3u8/824551/824551.m3u8", "https://img.91p51.com/thumb/824551.jpg", 207, "http://www.91porn.com/view_video.php?viewkey=86c85de7715c00721678&page=1&viewtype=basic&category=mr", "00:03:34", 8, 0, 0, 0, "https://www.91porn.com/uprofile.php?UID=c2b6Tp3ejq5B7vYMEW1hcnD91jWLecZhzv3JLsprrgBYgmWKQw"),
	(824562, "“求你，不要射进去！我会怀孕的”【完整版49分钟已上传到下面简 介】", "91约炮渠道", "https://la3.killcovid2021.com/m3u8/824562/824562.m3u8", "https://img.91p51.com/thumb/824562.jpg", 11021, "http://www.91porn.com/view_video.php?viewkey=748725513&page=1&viewtype=basic&category=ori", "00:02:17", 123, 0, 4, 1, "http://www.91porn.com/uprofile.php?UID=a4719Sgh01eBQLLhddguAtbj2yfZbH8xtMNRoa02eHpRcsSu9Q"),
	(824564, "约炮平台匹配的女会员良家少妇！卧槽真白净【完整版37分钟已上传下面】", "91约炮渠道", "https://la3.killcovid2021.com/m3u8/824564/824564.m3u8", "https://img.91p51.com/thumb/824564.jpg", 4232, "http://www.91porn.com/view_video.php?viewkey=1729972520&page=1&viewtype=basic&category=ori", "00:08:28", 62, 0, 4, 0, "http://www.91porn.com/uprofile.php?UID=97b9mwEYfmr0aMZw4HX4ZASiNfHU0wN09T70owTrN0yby65g9g"),
	(824566, "把精液都射到她漂亮的脸蛋上，爽起飞【完整版42分钟已上传下面】", "91约炮渠道", "https://la3.killcovid2021.com/m3u8/824566/824566.m3u8", "https://img.91p51.com/thumb/824566.jpg", 21199, "http://www.91porn.com/view_video.php?viewkey=1679094374&page=1&viewtype=basic&category=ori", "00:03:10", 166, 0, 9, 1, "http://www.91porn.com/uprofile.php?UID=a934O8otX9fBFoQZ8XIxFmwz5Md054s6djonpQcFaKFHLrwIcQ"),
	(824630, "粉逼巨臀彻底玩爆，心甘情愿当我的母狗肉便器（看简界约啪渠道）", "水果糖先生", "https://la3.killcovid2021.com/m3u8/824630/824630.m3u8", "https://img.91p51.com/thumb/824630.jpg", 3060, "http://www.91porn.com/view_video.php?viewkey=d352f98aba9d15fe9b7d&page=1&viewtype=basic&category=ori", "00:04:18", 37, 0, 4, 0, "http://www.91porn.com/uprofile.php?UID=2ee6XCROiUEaLyheXVeDFNfg27DS4b6ePvZkFVwrnMSc7a5t5g"),
	(824677, "宾馆老板说以后别来了床都干坏了", "91suixin", "https://la3.killcovid2021.com/m3u8/824677/824677.m3u8", "https://img.91p51.com/thumb/824677.jpg", 10555, "http://www.91porn.com/view_video.php?viewkey=9affc885c38fb8a71a76&page=1&viewtype=basic&category=ori", "00:08:00", 128, 1, 10, 0, "http://www.91porn.com/uprofile.php?UID=c224Ljus8WcTIc6JV2dCZoaQygkwwrpWPQpzBd6Q4PBkktg00A"),
	(824708, "（超多淫语）巨乳物业少妇商场更衣室勾引店员，性瘾发作自慰后入暴操", "赤鳞狂舞", "https://la3.killcovid2021.com/m3u8/824708/824708.m3u8", "https://img.91p51.com/thumb/824708.jpg", 8601, "http://www.91porn.com/view_video.php?viewkey=460ed42328a2a46a62d7&page=1&viewtype=basic&category=ori", "00:10:27", 102, 2, 10, 0, "http://www.91porn.com/uprofile.php?UID=b041iBqlyvSObr52g5mcWeMfqFltCg5yR5MDcxDmYc9EIbDx"),
	(824714, "绿主男友极佳视觉下目睹巨乳长腿女友吸吮单男大鸡巴", "ASSFUCKASS", "https://la3.killcovid2021.com/m3u8/824714/824714.m3u8", "https://img.91p51.com/thumb/824714.jpg", 4439, "http://www.91porn.com/view_video.php?viewkey=4fe7d6bd40320cfc4b4d&page=1&viewtype=basic&category=ori", "00:05:43", 53, 1, 6, 0, "http://www.91porn.com/uprofile.php?UID=d9fdYUKcOWAFzzIqAP1rfz8kdMIBDJW5mtqRkK36CJEl6PRnyA");

/*!40000 ALTER TABLE `p91videos` ENABLE KEYS */;
UNLOCK TABLES;



# Dump of table videos
# ------------------------------------------------------------

DROP TABLE IF EXISTS `videos`;

CREATE TABLE `videos` (
  `id` int unsigned NOT NULL AUTO_INCREMENT,
  `m3u8_url` varchar(255) CHARACTER SET utf8mb4 COLLATE utf8mb4_0900_ai_ci NOT NULL,
  `detail_url` varchar(255) CHARACTER SET utf8mb4 COLLATE utf8mb4_0900_ai_ci NOT NULL,
  `thumbnail` varchar(255) CHARACTER SET utf8mb4 COLLATE utf8mb4_0900_ai_ci DEFAULT '',
  `duration` varchar(255) CHARACTER SET utf8mb4 COLLATE utf8mb4_0900_ai_ci DEFAULT '0',
  `title` varchar(255) CHARACTER SET utf8mb4 COLLATE utf8mb4_0900_ai_ci NOT NULL,
  `popularites` int DEFAULT '0',
  `favorites` int DEFAULT '0',
  `comments` int DEFAULT '0',
  `likes` int DEFAULT '0',
  `dislikes` int DEFAULT '0',
  `add_time` timestamp NULL DEFAULT CURRENT_TIMESTAMP,
  `author` varchar(255) CHARACTER SET utf8mb4 COLLATE utf8mb4_0900_ai_ci NOT NULL DEFAULT 'p91',
  PRIMARY KEY (`id`),
  KEY `likes` (`likes`),
  KEY `favorites` (`favorites`)
) ENGINE=InnoDB AUTO_INCREMENT=238525 DEFAULT CHARSET=utf8mb4 COLLATE=utf8mb4_0900_ai_ci;

LOCK TABLES `videos` WRITE;
/*!40000 ALTER TABLE `videos` DISABLE KEYS */;

INSERT INTO `videos` (`id`, `m3u8_url`, `detail_url`, `thumbnail`, `duration`, `title`, `popularites`, `favorites`, `comments`, `likes`, `dislikes`, `author`) VALUES
	(238501, "https://la3.killcovid2021.com/m3u8/823536/823536.m3u8", "http://www.91porn.com/view_video.php?viewkey=102652526&c=t&viewtype=&category=", "https://img.91p51.com/thumb/823536.jpg", "00:12:33", "The pink and beautiful pussy is clearly visible! Glossy legs are sexy and sultry! A personal favorite! (See Intermediary for the full version)", 109729, 1498, 44, 83, 8, "我叫山雞雞巴的雞"),
	(238502, "https://la3.killcovid2021.com/m3u8/823246/823246.m3u8", "http://www.91porn.com/view_video.php?viewkey=3c05aa3a86659c806e75&c=t&viewtype=&category=", "https://img.91p51.com/thumb/823246.jpg", "00:29:59", "jk whore girl &#39;s skirt was fucked hard before she had time to take off her skirt 【Introduction to the full version uploaded in 41 minutes】", 64931, 1281, 9, 33, 3, "91刘先生"),
	(238503, "https://la3.killcovid2021.com/m3u8/823576/823576.m3u8", "http://www.91porn.com/view_video.php?viewkey=dfdb2b8be9907a2cdb7d&c=t&viewtype=&category=", "https://img.91p51.com/thumb/823576.jpg", "00:45:29", "Reality matters! You want to fuck my asshole? cock is useless for you", 74868, 901, 3, 28, 7, "91欧巴桑"),
	(238504, "https://la3.killcovid2021.com/m3u8/823529/823529.m3u8", "http://www.91porn.com/view_video.php?viewkey=a6bc252cd5ec39fc516e&c=t&viewtype=&category=", "https://img.91p51.com/thumb/823529.jpg", "00:14:35", "Sexy lady of Sichuan Institute of Media and Communication, whose private sex shoot was exposed by a scumbag [The full version has been uploaded below in 89 minutes]", 66202, 1209, 6, 29, 3, "91刘先生"),
	(238505, "https://la3.killcovid2021.com/m3u8/823523/823523.m3u8", "http://www.91porn.com/view_video.php?viewkey=8b6124a83a0b5033aa84&c=t&viewtype=&category=", "https://img.91p51.com/thumb/823523.jpg", "00:13:02", "So exciting! Cuckold plays with awesome kinky wife three-some! Stimulating scenes (see Jianjie for the full version)", 50425, 1075, 8, 46, 3, "AC2023"),
	(238506, "https://la3.killcovid2021.com/m3u8/823673/823673.m3u8", "http://www.91porn.com/view_video.php?viewkey=eceb2f264acf388e3879&c=t&viewtype=&category=", "https://img.91p51.com/thumb/823673.jpg", "00:17:27", "Sophomore school beauty, this figure is too awesome, all kinds of poses crazy fuck [The full version has been uploaded in 73 minutes]", 55735, 1026, 8, 26, 2, "91刘先生"),
	(238507, "https://la3.killcovid2021.com/m3u8/823649/823649.m3u8", "http://www.91porn.com/view_video.php?viewkey=c6c0c0bd5c8b5e0f920b&c=t&viewtype=&category=", "https://img.91p51.com/thumb/823649.jpg", "00:34:57", "There are so many beauties in Hunan! Anyone who comes after 00 is awesome [The full version has been uploaded below in 52 minutes]", 73275, 922, 7, 22, 4, "91刘先生"),
	(238508, "https://la3.killcovid2021.com/m3u8/823642/823642.m3u8", "http://www.91porn.com/view_video.php?viewkey=ed6bf0d5695d0652f773&c=t&viewtype=&category=", "https://img.91p51.com/thumb/823642.jpg", "00:20:33", "Super cute little girl ! Forced to fuck from behind creampie by scumbag! [The full version has been uploaded below in 47 minutes]", 81777, 893, 3, 32, 10, "91刘先生"),
	(238509, "https://la3.killcovid2021.com/m3u8/823387/823387.m3u8", "http://www.91porn.com/view_video.php?viewkey=da6db1adbbbb4a43946a&c=t&viewtype=&category=", "https://img.91p51.com/thumb/823387.jpg", "00:15:11", "Sexy married woman with violent fuck creampie in men&#39;s restroom of the mall, wonderful dialogue, really exciting! (micro show face)", 36368, 495, 11, 20, 4, "赤鳞狂舞"),
	(238510, "https://la3.killcovid2021.com/m3u8/823546/823546.m3u8", "http://www.91porn.com/view_video.php?viewkey=1108346330&c=t&viewtype=&category=", "https://img.91p51.com/thumb/823546.jpg", "00:20:46", "The younger girl  is not at home, so I can only fuck the twin girl , it is so horny to spray water (see the full version)", 31575, 515, 2, 19, 3, "91小帅BBB"),
	(238511, "https://la3.killcovid2021.com/m3u8/823578/823578.m3u8", "http://www.91porn.com/view_video.php?viewkey=1733414873&c=t&viewtype=&category=", "https://img.91p51.com/thumb/823578.jpg", "00:05:43", "Close-up creampie school girl powder pussy in the first perspective of dance school", 37612, 459, 8, 23, 2, "UUS1980"),
	(238512, "https://la3.killcovid2021.com/m3u8/823435/823435.m3u8", "http://www.91porn.com/view_video.php?viewkey=538daefc36e57b6d409a&c=t&viewtype=&category=", "https://img.91p51.com/thumb/823435.jpg", "00:05:02", "Sweet and full of contrast freshman girl! moan Zhentian (see Jianjie for the full version)", 46581, 585, 3, 25, 0, "新加坡大鸟哥"),
	(238513, "https://la3.killcovid2021.com/m3u8/823317/823317.m3u8", "http://www.91porn.com/view_video.php?viewkey=3490ae8bbb999c8c71f1&c=t&viewtype=&category=", "https://img.91p51.com/thumb/823317.jpg", "00:10:21", "Dragon Rush up to 10 minutes", 49754, 667, 11, 23, 2, "two22"),
	(238514, "https://la3.killcovid2021.com/m3u8/823480/823480.m3u8", "http://www.91porn.com/view_video.php?viewkey=121c40f678385489dd32&c=t&viewtype=&category=", "https://img.91p51.com/thumb/823480.jpg", "00:07:51", "Master, can you work harder and hurry up? You&#39;ve had enough, I haven&#39;t had enough! ! ! top top top", 42352, 655, 12, 21, 0, "棒棒糖先生"),
	(238515, "https://la3.killcovid2021.com/m3u8/823535/823535.m3u8", "http://www.91porn.com/view_video.php?viewkey=83415040&c=t&viewtype=&category=", "https://img.91p51.com/thumb/823535.jpg", "00:11:35", "The full version is available for a limited time only! The sexy lady in the eyes of colleagues is actually very lewd", 39749, 669, 7, 24, 1, "Timepasserby"),
	(238516, "https://la3.killcovid2021.com/m3u8/823358/823358.m3u8", "http://www.91porn.com/view_video.php?viewkey=41d140534ddd38a5c492&c=t&viewtype=&category=", "https://img.91p51.com/thumb/823358.jpg", "00:06:51", "If I can hold out for 3 minutes without ejeculate, I lose", 67704, 849, 9, 38, 4, "dqlzlc"),
	(238517, "https://la3.killcovid2021.com/m3u8/823428/823428.m3u8", "http://www.91porn.com/view_video.php?viewkey=b6177b6d3c4d545f543a&c=t&viewtype=&category=", "https://img.91p51.com/thumb/823428.jpg", "00:10:32", "Throw it there when the fuck reaches the climax, shake yourself, and enjoy your climax quietly (scroll down to see the world for the full version)", 103433, 750, 15, 42, 6, "狮子座Walker"),
	(238518, "https://la3.killcovid2021.com/m3u8/823553/823553.m3u8", "http://www.91porn.com/view_video.php?viewkey=e98bdb3c35257a43b1a0&c=t&viewtype=&category=", "https://img.91p51.com/thumb/823553.jpg", "00:29:56", "18-year-old contrast school girl awesome full video, must ejeculate! The fan-customized ones are now shared with everyone for free!", 50152, 817, 14, 38, 6, "拆二代Cc"),
	(238519, "https://la3.killcovid2021.com/m3u8/823524/823524.m3u8", "http://www.91porn.com/view_video.php?viewkey=1756363915&c=t&viewtype=&category=", "https://img.91p51.com/thumb/823524.jpg", "00:08:02", "18-year-old foreign student went bankrupt just after returning to China, playing with a double-tailed white tiger JK girl who can be fucked and can selfie in the mirror", 54476, 783, 7, 39, 2, "是性奴小雨喔"),
	(238520, "https://la3.killcovid2021.com/m3u8/823522/823522.m3u8", "http://www.91porn.com/view_video.php?viewkey=809a27ada5a8b2118a52&c=t&viewtype=&category=", "https://img.91p51.com/thumb/823522.jpg", "00:07:57", "Picking Up Bitch Bridesmaid/Orgasm: Kill Me! I don&#39;t want to die!", 87601, 920, 15, 32, 6, "pprlv"),
	(238521, "https://la3.killcovid2021.com/m3u8/823567/823567.m3u8", "http://www.91porn.com/view_video.php?viewkey=565477169&c=t&viewtype=&category=", "https://img.91p51.com/thumb/823567.jpg", "00:06:14", "You guys seem to be partial to her? Is it because she is white and shiny?", 48760, 775, 8, 49, 8, "91探花李寻欢"),
	(238522, "https://la3.killcovid2021.com/m3u8/823476/823476.m3u8", "http://www.91porn.com/view_video.php?viewkey=df554abe02b9100cc351&c=t&viewtype=&category=", "https://img.91p51.com/thumb/823476.jpg", "00:15:09", "A gym where people come in at any time [ask the hostess to see the original flavor of the website]", 122590, 998, 26, 51, 1, "Neilmei"),
	(238523, "https://la3.killcovid2021.com/m3u8/823573/823573.m3u8", "http://www.91porn.com/view_video.php?viewkey=1472835371&c=t&viewtype=&category=", "https://img.91p51.com/thumb/823573.jpg", "00:04:35", "&quot;It&#39;s all out to play, how can you ejeculate inside?&quot; Zhuji one night stand 173 long-legged married woman was forced to creampie by me", 91015, 985, 17, 35, 2, "动感五月天"),
	(238524, "https://la3.killcovid2021.com/m3u8/823466/823466.m3u8", "http://www.91porn.com/view_video.php?viewkey=2f0b6c5dda68db49f7fd&c=t&viewtype=&category=", "https://img.91p51.com/thumb/823466.jpg", "00:04:42", "The contrast is pure and sexy lady, she looks so cute eating chicken", 90322, 1454, 16, 49, 4, "春江花月夜吧");

/*!40000 ALTER TABLE `videos` ENABLE KEYS */;
UNLOCK TABLES;



# Dump of views
# ------------------------------------------------------------

# Creating temporary tables to overcome VIEW dependency errors


/*!40111 SET SQL_NOTES=@OLD_SQL_NOTES */;
/*!40101 SET SQL_MODE=@OLD_SQL_MODE */;
/*!40014 SET FOREIGN_KEY_CHECKS=@OLD_FOREIGN_KEY_CHECKS */;
/*!40101 SET CHARACTER_SET_CLIENT=@OLD_CHARACTER_SET_CLIENT */;
/*!40101 SET CHARACTER_SET_RESULTS=@OLD_CHARACTER_SET_RESULTS */;
/*!40101 SET COLLATION_CONNECTION=@OLD_COLLATION_CONNECTION */;

# Dump completed on 2023-05-21T18:00:51+08:00
